X1,X2,X3,X4,X5,Y
57.450712295168486,36.99677718293001,17.974465175076855,20.92192442122609,42.73012790070132,21.932149844204098
47.92603548243223,34.62316841456384,19.566443987853447,31.39614989220498,59.37593022121832,12.891797304608843
59.715328071510385,30.29815184960087,17.622740237000116,35.863944665783556,60.360337440888934,24.831626800263745
72.84544784612038,26.76531611147213,19.076115411082878,58.8768765734019,69.45260691686812,66.97469533476337
46.48769937914996,33.49111656806795,14.319155999138644,45.56553124533758,32.66283273438347,22.237184750375814
46.487945645762295,31.967426927108747,20.639881122118815,26.64518430900109,71.85134547694662,8.374683984717405
73.68819223261087,34.47596610013866,20.003616426086673,44.86036289417637,5.912167367944498,67.06699087218824
61.51152093729363,33.175859008409844,17.54873410679543,24.526960110616344,47.40230895272379,44.56767865336185
42.95788421097572,35.247763576596675,21.977737005297215,50.826910538870735,50.23452315096911,2.5878344462084586
58.13840065378947,27.32382394219716,22.812710412879674,35.28875348182122,72.66653652142477,47.551011929351255
43.04873460781307,36.58697032817163,15.177320406893077,39.06363811260829,60.45261705353738,19.97103953523321
43.01405369644615,30.987998023461998,17.711825664301358,53.2579664754219,31.888738922874268,23.73647546495456
53.629434073490515,40.37630436312632,17.692572950638105,27.1283643141575,40.3001374836597,13.62566540828365
21.300796330133032,26.55406090955216,17.180290696673406,26.028818148870087,63.97360019094814,-9.943615145177915
24.126232512304508,38.67981901582625,22.488424525795246,34.16400673653995,58.41865316270887,-24.159986295781515
41.56568706138541,30.989553917313238,19.41852158368159,50.38378851019317,48.41751780728507,9.961047969869405
34.80753319498364,26.74290998192776,19.206455476068168,24.806539245231576,50.38332420976042,-7.7187874905361245
54.71370998892911,27.58057082972839,13.98841290677974,11.67844401889431,73.92335994318577,59.32540888267407
36.37963886718184,28.3982634590284,21.90625409062768,35.488411415910015,49.646148542615705,15.279308420023815
28.815444479970626,32.12082973200958,16.282224815439584,45.5174079991092,58.238175119418536,-3.8959076851180607
71.98473153382331,32.6141774401775,20.179797890798984,52.00261749738829,103.39873176161086,57.25956386701036
46.61335549270196,27.131499980307105,20.832130813874574,35.36838637914601,31.52634726232154,23.721930678130136
51.012923070318855,29.878227038695087,24.08197578751595,35.885733928839976,22.96314536850683,31.944673612358372
28.628777206798148,40.71135179305932,16.073538802642663,51.53900734255747,75.67179329597214,-41.43671599654321
41.834259132122256,38.637715850503554,10.941463532537524,21.302583003045793,46.427138774117935,18.717553743978076
51.663838845647994,32.18161834837016,20.551548634261085,36.114792248169906,53.63524944514759,16.063175904638253
32.73509633866546,30.190017390841,25.401533544532562,41.90423889925058,44.37687243737771,-3.8962863398893273
55.63547027518508,30.600156633591308,23.716839058818312,44.49218721285034,54.80399718464975,34.708719631140156
40.99041965121793,33.06758986365208,20.628978245823877,34.901933068091175,91.97076224192682,23.54569612095844
45.62459375310085,24.886037174007974,18.525091443103857,40.344410117058416,76.04256917236239,33.07245199581379
40.97440081655905,28.713117312883274,22.42136778991193,15.116726465870105,77.24447023773953,7.884692533723367
77.78417276763406,21.657079630612053,17.079361400886594,33.41751587666152,31.67545888414709,99.44516419824367
49.79754162893099,31.996115613026397,21.42907330806866,44.53508712554468,36.976925268942615,33.72862413923284
34.13433606566149,33.2359796985137,21.516410477499882,30.177059657453206,3.2184268102914615,5.872099512379297
62.338173681547836,27.58406768850313,23.18062972249664,40.58984221589597,43.81238357834492,62.08678241827223
31.687345250434667,37.869933816450164,28.278980116733234,44.46872500802698,79.13406372771317,14.874259306942795
53.132953925071334,23.871171684988294,21.1772479015363,36.57450799142235,70.33893031496741,69.3966604187597
20.604948141803366,22.6781255989509,18.473109122877503,41.70463770996571,55.56973474095752,-7.07942785379095
30.077209266523543,31.12225909279986,19.923277063424017,30.372674347153875,59.55399432563894,14.071784174009125
52.952918538036855,35.23549151306077,14.692772285332644,37.93388720303953,46.22228914849189,25.13646282118907
61.07699869993115,38.419638457289345,17.915860606732824,46.10216169589223,64.09517764803569,33.72510960006194
52.57052421784956,27.7055786856553,18.77215268566069,41.569729609684344,75.3175655896123,20.90799698186079
48.265275764176394,35.393404167156476,18.427734806196224,34.13468730436065,27.682264251790542,14.121115061167785
45.48344456616067,29.807457652496463,20.457064616101167,42.24216404290793,65.99295375674696,15.710547948933012
27.822170144488588,29.136863500295902,17.532740202853397,47.14609790636618,78.64869741909334,5.506486466500871
39.20233687407937,34.41829968743336,23.363092001973413,19.50058721422522,51.69799422073261,17.359256941267088
43.09041843560319,33.261614392067095,20.00062119475459,51.59074064955898,74.01401224241167,-7.632154043515227
65.85683339328374,22.118039215078753,19.972099036584158,36.63745261318928,116.29308888945106,69.31487253801747
55.15427434352692,37.38270174862948,19.016315850461247,44.2548993324023,57.91314414026216,33.69278099120456
23.55439766955899,36.90045677073726,20.465572051576938,51.97246923645228,67.86614100010647,-25.10332063448201
54.86125954092192,26.872186492452354,22.475294794002906,26.28326302769534,45.23885832677217,52.07580017350327
44.22376579375525,31.979017667187044,17.3986093528673,32.90558997572453,63.62502325204101,19.588572708963266
39.84616999541062,32.47015093141369,18.02565053277423,37.11451304124295,69.20543249964608,12.25838071620193
59.175144332613016,31.303368829119535,19.088821913670007,32.16246478875571,63.89684680540276,37.98724001683249
65.46499283743927,27.2484742307729,15.962387229580354,57.34936575836808,39.60609360582286,44.51592636804619
63.96920178674298,26.641883160309742,17.542226420835508,31.432279061732075,64.12723542650902,45.22584809566246
37.41173715166042,29.872229645042772,18.57133737936602,34.44453220513133,89.24391877435274,17.752340271641266
45.36181436223178,35.86364509629682,22.623167542138184,42.04389031602977,68.97271529029055,12.821597677011962
54.96895147105346,32.71800077297216,20.787683987005774,27.978504739239114,79.23974378143683,31.026145208066506
64.63317690683539,28.14692833956947,20.580769734102635,36.04319288243736,55.259760599747445,51.70739312494193
42.81238643232065,33.85849355324172,22.552693886503917,43.17453261250175,74.9980047884742,9.72605103044198
47.215115350042744,15.757286896849623,19.58788463480181,36.67139595617489,65.58535676433051,64.57115949364717
33.40497538990958,35.74382850186052,21.17139454978667,39.06613141100052,40.981785406255355,-9.146937462643603
32.05690063878994,21.301431106109504,19.690334741202513,34.70667887551629,66.3704200959775,6.917008983551472
62.18788733591297,28.18779529298434,20.796087048198885,24.85529690819233,40.166066731193794,59.74080169740195
70.34360042856234,24.401650526869282,18.251724027165253,43.215932113392384,47.34239450230416,68.78919496404039
48.91984817629499,23.526592621395473,12.683548525170712,57.54933071647241,63.78656614584748,37.98231993956467
65.05299346838036,35.8041339368926,19.597162513441088,40.18401630783438,65.94488546760248,56.84558664950101
55.424540375714514,27.661493993440544,24.26824440829982,42.25264117247549,36.215350698457414,44.74233920733552
40.323203680923136,31.73251940865358,22.778646206724776,46.92722755116859,81.07971542365752,16.30092653862718
55.42093408262621,29.76539710560408,22.896192453773512,27.306695034533007,71.44012556600946,28.259468226634652
73.07054849698955,32.385204136115604,23.708392165418655,57.025146581296056,45.90543128778232,59.49291603245284
49.46260941335073,30.384109455301278,20.26597277288431,42.02328796422802,29.24830407101649,34.6539420479517
73.4696548372101,23.58503887905715,20.591947122216787,56.31856899089109,57.10190841837137,62.77664072039682
10.703823438653835,34.9813340972357,18.14704431369695,32.66967004476011,51.0811257227768,-37.82495994848509
62.32853756562836,27.531217084193436,19.05178143191885,58.18061922557825,62.26280914106046,53.96417362246316
51.30570602357257,22.217090506701247,21.847313449313425,47.75155494034783,52.73766677688867,48.86090930248747
45.51488974301199,27.859424195170437,23.611653311506448,45.530400858523585,19.850862785099807,39.73090186651277
51.37641164803254,37.503798953171554,19.581661172957002,42.34024454353148,52.233061233976834,20.192235300669417
20.186466280986608,34.251108710567465,18.649432205445766,37.514713819255505,53.88761777863374,-9.117082913367696
46.70492168243732,28.256739327960705,20.001583876569793,52.00531658473872,72.67322049548117,18.608800650079115
55.3566885726762,28.253711478407855,21.803620246787343,41.40359869848047,46.03600650777901,43.788665697775734
72.16841067112274,28.391824743913087,15.668435551599375,20.329302964128477,93.57349346745133,65.14785215855711
42.22594672589529,40.383739917804206,13.111457140588286,28.828135382929975,21.76718898696486,-16.56537611402213
37.87259595660218,31.909677261157768,18.34838945152525,38.14154247807253,86.22334995605249,16.726684159263826
42.47364434623195,32.15020823595535,16.337862722257526,43.09998983165555,55.5136205824379,35.82571446709418
63.731031765531114,35.151417270159214,18.475579407058067,39.43411511100104,77.19169744687113,39.36144206666897
54.93126664489527,31.193945795132567,19.556659043547587,52.18970789793663,61.59602968117466,39.837548781589234
42.05359694349442,28.704789270896484,18.64025477293096,20.488981359613753,82.79111072050938,20.83612901806741
57.699011496700344,29.01825075457511,24.357402603412236,41.435879365051605,52.252760708943775,38.55487033853466
51.456163240220604,29.641993702929682,20.98023429380696,21.820207746128453,38.027591496443755,15.182771823354859
64.52967485799334,29.813888817450792,20.901423078832487,47.59712295484168,88.41008574542127,45.55971136055102
39.469203591839715,33.6381477181849,21.866621432130206,39.05541285557997,57.730387082357176,-6.05876314206243
45.085067801033475,30.259729429036497,16.583500646657694,44.19609972024118,64.43116947248421,37.44091394739725
44.118377703017636,33.6632003860779,23.117335362260807,31.361170394102338,84.6950382808959,14.258736524268668
28.04727577801822,29.59641709945709,19.77270714039362,52.79464931657751,39.360895158111305,-5.69476025216174
54.44180415596864,30.393175951580453,22.01144185172364,50.417246640588516,71.90981795278515,45.77361350453194
53.91582908269834,20.00899657733946,16.784428300879533,45.835443030118874,48.20210487074218,43.030453591249476
50.07670184963691,34.581638373512405,15.338723701951807,38.704827531365595,57.35661288711256,10.952497498360934
46.481192999372794,31.732442379489964,22.453668974075086,45.798572852951324,61.445579307685776,23.16446191960301
28.769438869243785,34.99005054929826,21.12922857829255,32.93107432012651,29.99556277106128,-0.9736385913497614
43.69032015851961,15.518723109031553,17.29384533692747,48.55555659020712,44.42325914359131,53.16180713986791
44.85928225209846,40.44187352390364,17.391010756175916,56.49480894323921,87.02145784826278,2.5839331335871902
37.96584096167572,29.302051859224132,23.376304353244308,50.70610559979186,77.72382377169592,15.813987253047625
47.580714325009865,35.54091408368758,16.431764321398017,32.70397530192591,58.7472084534553,17.507484036106394
56.060762852218076,24.800470364372345,24.92801885976789,43.61417317273103,64.86246917025787,53.970742030758906
78.29278851815795,33.063869525312846,17.298137796056395,27.068584562413523,54.115149887270846,54.66078987687006
52.61866719247759,24.73292218413172,21.915175776825148,45.723903111756755,87.13166771655963,45.88053652519704
53.86325586084146,26.881155196520975,19.014144572753047,44.50603412862539,55.99294844411672,30.802759095419237
48.883311263507494,39.570156769333934,21.80956229324703,21.30183660467836,64.63684184269697,10.900259932225124
21.21843177051438,29.046587996183266,18.36765799365742,28.382161560876362,82.92060288284131,-16.888178754648663
49.602291868261744,31.087164365898616,19.511621281783118,37.16861103256233,44.45257030308187,52.37873593931556
50.9034531491154,34.35033865344377,20.122757526187165,36.991402528591735,91.17578368993787,22.316937342362024
86.94863168727929,32.47840943986302,16.99343763265558,27.905230645811947,29.390771805132463,64.92045180490477
47.114585528283165,30.752094525717883,22.22247303626038,43.889787293521834,92.59284262225597,23.93712365234993
54.523210135004184,31.824805012331126,18.460359300585246,42.51473608940512,52.546488320960506,37.558972284515534
49.47932345442135,42.01707792619138,19.314200253979944,38.05730868021481,55.14602504349436,21.57556891776448
32.46982943570702,29.711906014832074,17.016951876174463,32.44208499841637,22.199796576341143,-3.105115937403575
67.14234221772531,31.005495233574837,12.312999023614069,50.487071264165635,50.90410565244614,34.03474263100893
61.27899549030161,35.25327198003806,19.426916712199493,56.55407113088295,39.20386937946232,44.29377774578586
61.865479205645705,35.52762966478992,27.237846264838748,35.16438516153463,47.84707309253055,26.555895552311586
36.35918817807892,35.9351515278019,22.35381286369407,33.878330828451794,57.253780684222406,-5.516168771713235
71.04191466404149,33.19365111014592,19.942218860796817,44.912076654119964,79.15583228945812,52.57047435105885
28.972234058115788,24.284975436347583,19.211327512375195,36.419706202530136,64.15206702801251,8.797729437665032
58.80285640700406,38.16715766150548,20.06739767843614,38.60602799336766,66.15353306802228,33.79531269745655
82.85683438714968,24.26827303490656,21.64135734552563,47.396531517246714,38.08961222308875,84.73304136081035
35.14195512303968,31.513177326195166,16.457561554073465,20.906439124927072,42.3849182079454,0.17806628753831255
41.50553405595842,26.22862074990321,23.342965084006615,53.183023248526695,95.97450036702624,26.329838596640624
51.49477047631462,29.679308267035037,22.146143946323733,40.72680524329341,45.29597930473507,35.45259072875161
42.44786518825701,31.6438120515174,22.154557177123802,35.8850685543782,93.12416504114591,17.43972401499184
26.74004853400801,31.606786077251364,21.315427216429182,39.10765845778551,55.13877602238267,-3.085727993050323
51.02844462209041,32.109603771176424,20.05884997308197,39.62429355020519,60.04575872287008,35.79127947374113
34.06544429410843,38.06855634529323,22.01858370790046,22.687986965550746,81.40730320459859,-5.103313238963905
57.10388645952772,32.2676715075699,21.775442401224133,54.94938227453236,85.43784843877313,41.544063109856026
36.20863648649295,28.779216823546758,18.93787786717693,40.41325632270618,57.78374879441825,-4.598771651230404
73.24901607526309,34.820435841441785,18.279194681309296,44.430021304473755,52.235138929569224,54.87452676232251
38.251200614956446,35.947352444623206,20.30556888578596,49.51549770574043,58.881591029555736,5.429955956097322
45.16907725691487,23.86196092431504,24.647060454485562,29.788375424396996,66.75915056464237,44.6426362096895
62.202758260545046,32.98700034924929,16.2826787730383,44.734718990352285,77.8260737373951,33.5479683365002
31.53703525349067,33.50586371155449,15.59742420274268,37.32358909101207,60.08459717988303,-13.497855190388083
53.41189901906194,28.51218248320004,20.49428252370955,48.46770775216494,72.37772596046307,32.59961807121162
69.60714131423643,36.878534066558096,20.152663105568053,18.727725796485046,92.76719464541881,51.09411438993591
25.88775148158159,29.249722064837368,20.520024993111225,39.00905699758731,67.6261922452957,5.931006138495345
52.769507877984566,30.627882267357712,20.731859593725503,33.97179344216038,66.23305712009557,29.189826006208165
53.89824191372635,29.13464087858065,19.330393236095585,44.322629506341556,29.621783498198646,46.32290086774652
61.72734307665966,30.077895237907338,24.469590315806247,44.700441873682024,7.3853972634187315,50.90481738872388
31.445739336828773,24.518624565523993,15.197288064570454,32.92374105177974,67.76751458460336,9.487146134856033
30.193150803735854,22.79974558702853,17.51450892565926,32.87826135823956,58.10351537438255,11.333647196196669
57.829123484253465,37.97252531612486,19.69023571955286,38.89334631442671,49.70434650170516,33.109866099928475
54.45477009849779,25.76519325840836,15.070433566537499,31.033577726847916,64.87060408372689,45.94276358206942
53.75739275518815,25.043038252718464,19.472436786703785,48.41983695452127,58.79192541606184,68.04448529717355
55.19672314245464,19.233049431981428,24.984410497184054,36.30792799552554,82.55560501267797,53.29894466833789
39.79962917632264,26.805191261552487,20.062659464887886,10.930117806783585,61.72221736517956,26.301407994122684
53.48380545741505,23.38455103296251,20.69210271715605,36.25177943378194,45.06153429859665,43.51064738066045
54.39608709948022,38.21007580068185,16.21950570448226,29.614561791560277,79.80332477918577,9.590862030211325
39.28472872960448,35.04908544671317,18.15091577588157,23.687241845390545,55.657378501075954,2.795708718571442
77.98661766717134,26.559248274111383,18.87441085902819,27.625733617774273,70.53073367344615,79.67216017611871
57.10749381367681,41.26217902672154,19.0468547097313,41.094084718329704,50.45178587614399,46.84204557253872
32.13044754196027,34.90882743495797,23.844931385011307,53.28640828248231,47.003462290051274,-6.540976021301903
59.84830412950745,28.37584308245689,21.673073182175372,43.131844738649804,61.683364603713926,37.55551932558824
35.379774946590175,17.502971425632133,16.665626129188905,33.934966117842606,60.256572870873704,34.12663980815931
61.806269056136784,41.45471286295371,20.739514335296015,44.55904195170703,69.59654070733666,4.423334650482076
67.37893368511106,23.05213766618202,21.494665245490356,35.40909689781008,54.62708493380515,69.79188999200508
37.68976522472434,21.773006265215542,23.4204471155638,33.05399630836855,23.27280432459205,29.859111687388932
64.45064193866483,35.1128521600482,24.741622059705122,28.456373317670156,51.34452232823223,51.767073447205526
56.191713904047475,42.19876203169636,16.954717424516396,22.48171193248281,75.87636934287632,23.103627999215156
62.33090239991735,36.921364092552594,17.567427466368986,36.100762934405545,54.05247841513787,28.401642958878146
78.4518947398092,32.8195456002618,16.22726642325615,41.58053489920132,55.07233194970904,63.64624397451895
46.31917825995694,32.97377170832643,19.297940422679055,39.0337632998511,79.72753011811875,10.51898587851537
38.693957534637654,34.267077793901535,21.399075123339003,35.84033072052641,45.76053545482154,-6.07430727225403
36.65728355561715,33.79464294893383,22.962003549767307,30.54253939303219,29.143935635142007,6.976589004248071
37.762845725518424,31.405957119846878,19.77214692907243,46.08246191684969,56.787377609490115,-4.017427672845892
48.843474358788434,30.52100551975938,19.040457430235467,26.82868080053415,50.316520975025256,22.597160208062995
55.117279622249654,29.687034360502388,20.45527397674622,47.760279138434754,40.67507360493492,28.57774810175043
54.150361989950284,26.23017705566662,17.49457129510993,29.97782981073275,56.492430882026184,48.00930638404975
62.40774873554036,28.59662461566613,26.26861616508432,32.47564762646965,69.83011294493568,72.56698294718532
50.19502837816861,21.535215929023074,15.177016918645824,25.33214809384323,59.81422876864369,31.794739340496356
71.80301115735975,29.50830186602625,20.554221736687172,34.98597853114363,66.13962145372476,45.43483904335501
46.03014750143066,25.057044464245415,26.070818657688918,49.75312458477979,96.26815397030846,35.71767279899895
90.80253749884429,24.482053413921143,20.020399533679992,45.15628088443957,53.14242276884872,102.40687714684172
59.385010216475095,30.899470755767393,19.429882894995515,49.78422112028035,65.56697269289339,44.180108328248586
37.14263665375576,36.960011431723,18.927663731568718,45.22142545933936,49.81573274801731,-8.205441169371447
33.93661252908332,34.59158303001156,19.458824954712778,28.963301714696307,43.072805602260544,-5.555227777296076
57.23708622864778,22.147496981884114,24.11854542402959,36.692107756724425,48.301846931644604,62.295012196624256
46.64805822011223,25.051859317148313,13.36441426601148,32.19800870882537,50.42482856956623,41.95488475532585
60.71000741138138,34.70385593994108,24.600301103888977,53.3057490403904,67.1895159509425,19.40696208595158
57.09856436860317,25.087563032308452,15.728128542649564,28.032113535736883,106.98151573401515,44.647390369298
48.90756631014691,28.876834250014877,19.200043012296756,48.93697689389111,45.6791312744832,32.34579041074963
37.29809422897392,32.75026049512276,18.712266739104013,48.929538701087694,51.66749388769075,-4.377007323339987
27.277291629712032,25.158277725681824,21.765659809312158,58.29620201716087,58.73753973777504,23.79390821553347
43.302275718994686,30.5268775307298,15.205626944348758,35.903134073705026,67.91597697419495,10.148373186919443
62.84598191485209,23.329872525408977,21.38651799824583,47.123221595801624,65.2710162390957,62.88955995051027
53.21140616195306,26.99316178024393,26.072928869860558,62.816518365388426,85.68191587896234,49.42747108579492
31.31391831932018,31.598909670712686,15.910477986221569,33.82358323066303,11.472158589295837,-9.184550757353263
52.59771388776773,22.035031332341653,20.569118502831188,24.649597524676402,12.261402596086548,31.645336940339718
55.77976069593255,32.202373689801995,18.01405346661017,21.199899660922362,50.08243655979702,28.98537512843458
36.74213845698301,29.901811005366593,21.277661618579106,47.12712028861331,81.94600375087418,21.24282204330128
52.305876589182915,32.76244977208574,20.057443332247257,21.16849791941416,28.687039367888076,24.59368573787515
50.87313077669,31.119570670323306,18.075539272867072,36.27680947062077,-0.15264679387514235,19.643981446232132
32.85544553254066,36.82070214986922,21.46361685461322,44.37313187038961,71.42358812438417,0.6302945214063715
55.36681040522425,30.626122513239537,25.41304432936023,41.85175536829914,64.87314447405429,36.196743785806895
58.41176789552352,27.852972294373735,19.427288624818104,44.25444864184172,38.1958318640114,41.52374343044468
66.24576864762915,30.611487515161418,22.159273826444547,42.22289855800854,40.2892079855814,55.71987575097626
65.80703078052355,32.716490145181936,16.12018112638651,52.788658133133936,40.60512560730651,54.04515853980258
29.334959480643633,30.24430035162852,17.130690869545973,30.47683619261203,62.210706349478805,20.896319269806853
35.93262440127316,30.202958456019413,21.417218833641133,33.23004861541469,47.47369447633986,17.473990183265713
57.7255290081299,26.490041560966223,24.452348085607895,32.27340554729176,69.88127837951039,62.43278409694978
57.706789263683135,26.68549541224526,21.06684004635698,48.301918118626105,2.907466741912181,43.66295110433412
57.72571529459072,22.986973641001534,19.060825908430537,49.003985883950634,42.86296269744402,44.88635755440352
107.79097235982081,38.7478837159347,19.997874216270063,44.51225319318508,37.478920781778996,99.81294171218809
58.56335766039751,23.780683823043574,16.248776798090848,51.834936668899275,54.873186432550156,54.47975639615049
67.03348460270898,26.53547401102046,21.8135459790661,28.21959132623619,49.23904483019723,52.60092445790962
64.31002645239803,26.40796367215401,22.646999186970227,56.67224111551137,75.95687559791533,58.21966662873401
59.77086876958697,34.474621884722204,18.64372900150076,55.23238621712258,22.81326456679885,39.022099902877734
45.27096133039482,28.52525160853986,18.589873556721496,47.35621997245747,60.90982952661504,28.754809507054063
61.38453830739901,36.23871036336867,20.797634688956144,57.8179890877106,71.16672846423411,40.04108261268199
38.40762178193643,26.63254687878066,18.689840791878215,23.433767923222263,97.1329487312391,21.60090661265686
46.44772089889987,31.39497081111901,19.801602156122534,34.755518637373484,50.364680578130496,16.712354211472494
42.71954678256345,25.823264733701215,26.299165367499548,32.64696539318048,66.48917208705033,25.443367123704085
51.22811209079484,40.72574563886694,19.25892289776201,47.21479323757343,23.9227441487527,-1.9693756725993783
84.71987850010262,24.062007904852436,18.924979543936335,29.498592603978544,12.160875913739524,111.2660421042682
21.99102211112378,31.549103551135136,18.05737458309452,47.574951493374854,76.895487515634,-15.948482997844414
60.2939028556177,33.168884404660496,22.23257591449981,53.705361439967135,59.88879412703859,37.970842873406944
25.809261932155223,32.06899548725749,19.456327480345692,46.95202900083999,83.57025379596845,-19.983855150633886
42.9210220131585,29.073561705611457,18.05188088503572,42.83751023661501,32.53194222060502,49.61692907431048
66.33425895451049,29.35089650133287,23.963912096819037,30.12126659099251,70.39804279057505,47.04827115528055
50.96420028643194,30.219057359895547,24.258809013540912,31.53149033874635,97.37635681087707,28.849110960566534
33.83382833106041,29.264989991857558,18.198729302783885,52.49618905296667,68.39411216714532,10.47849552712805
39.27044436110047,34.81939558397455,14.400380145918152,47.793490039053324,65.53163011182097,7.46919510410347
60.19396623402014,41.05261500795676,23.022541069510766,39.60980480622456,60.171121616487,34.276310422028914
39.04450052424295,27.212541074960832,17.946110522719987,35.8209045423411,28.582370857481756,36.190808975495386
53.246878843729625,23.150985102104613,22.371876797488305,19.74192126888623,87.11145871420696,54.815863014736486
50.68357759855721,29.558589758243727,14.089688546864494,29.291475813155614,47.78284720389868,18.392723155113927
40.22599478591275,42.898546688271594,22.67779201489793,59.114190871397234,70.08966512766034,-11.68865644144292
82.15916133987989,25.981627160151348,16.36648421215766,27.195444289975335,28.73931386857493,87.5370535207348
59.50878533477017,38.195584027220335,22.192292357199573,41.89479821221081,36.410806709844394,49.650416541372614
19.622861200135894,38.388504070382204,20.042819203509303,50.07443973195198,88.70174798444471,-46.29936152304889
52.796814721541416,27.232058791460027,17.138181741810065,27.450773319977074,53.05395422084314,50.32596042254938
40.07320302847418,32.84491539592638,18.77889106121966,41.84710474781083,89.0655095208509,10.608562976932514
62.78650002194336,38.14198311564269,22.058955370870102,49.37915537510655,58.43538681882964,42.303566839359526
38.11218892350949,28.104361295062564,20.317683359345704,40.1249932190725,23.16204454084285,15.098455308452646
48.278953377996515,28.982098199488192,21.753238941417454,68.68403055666768,77.84135199463441,21.90652683746385
57.57480918470686,27.09159543025678,25.929321753546457,23.314007411218046,48.202153644887844,57.652411587333276
62.98632791255182,24.926216346535668,15.307275164866846,50.58728529883879,73.97377627034086,63.82500702924604
31.995553894163358,26.753612274669965,24.85163772490587,38.27198262603535,60.50421735080164,21.632494811755265
44.98248146238578,23.880298666188718,20.31306781256964,47.719201548366755,29.137635441142592,34.736612413699696
42.87582033258566,30.17041734129613,17.303647855030615,44.41307151699246,63.28589530741138,11.626499510603056
40.200061511394324,26.15013384470679,16.00905912278303,32.668438028900034,103.92446284305598,5.416484188831005
76.48181360421646,31.16892955895374,19.4326388276689,42.2899639245934,69.85972917028919,75.29491338364572
56.07472566441433,22.220521768981865,22.764950335773378,21.420985486017127,58.84964493989074,60.292414950984316
31.086740684974323,31.654401161072286,19.6173526388674,46.032475005713934,81.50686803913796,-11.527841303888984
63.767929205821645,34.16764480804462,24.533464790742045,42.98158465990526,64.21336930406221,39.197599855048004
81.8323429551895,20.031321787142723,15.646472929845324,46.38660168643102,64.19068460525588,90.84151920390705
65.4869789082672,31.87028284923786,19.963733156461835,50.581183250871504,38.16749655681795,34.64192492233183
27.2094505106898,36.13834496236646,16.242819666760642,43.67619840209711,64.67696051579196,-26.517928291369245
42.73648890700623,23.951794906543974,21.090895647874902,41.480894197982764,80.7088683283389,20.40828780329532
69.00366723779933,38.362861934188516,22.6606621702919,31.18931663338708,43.278756957999505,38.98531795458855
39.38495801571829,32.095095046830224,18.73771461895684,32.87779236350949,88.48991642493895,1.869129256099776
56.657291422193424,26.474940721207957,12.187358430118596,51.86734620177331,58.16587951709748,26.85968569726603
61.61951080144005,29.72115461171147,20.596844440389482,54.36335405705979,42.244609769229186,68.5112815046267
36.09604292632876,32.791634562608614,21.31021565520053,37.61889563687946,79.95264153840489,16.74131040216848
49.107119659073,30.380026957062057,21.212884264885094,40.460027472532744,54.26411528523462,20.71687349172808
1.380989898963911,32.693779962231844,23.707346575466463,30.953856250062337,75.19029774972216,-43.7381878217485
34.63418537998565,25.39663203460317,16.786838961052855,51.72756845267445,54.16482735482926,18.72608437951152
46.2114777291026,30.84680412018039,22.040648316351348,46.65416823691778,58.80347712940193,35.55479105920356
31.283252270527257,22.9314275154751,23.577522537433925,59.412174364637494,69.87120408668584,9.66473437695686
74.48616955897452,29.4438696932565,14.664237247980449,31.21676922820261,65.81794115180011,76.09470141576327
28.54787933059051,25.480461792676053,20.95895547775693,36.21992100981783,20.08936439096523,1.861320107342772
43.39933269954524,26.322350287051165,18.487460506976987,42.314459225255725,37.57512519811216,13.339404687017883
51.96110865929137,36.18046587605219,19.75543198069506,46.464895377257704,78.58819969581631,27.69981282032518
71.61909933599173,35.45655060297135,21.04302945061501,37.84332362452368,57.35726822196906,64.94464676457669
28.46206773230841,33.045690604535885,18.53831430765934,31.270389095462995,49.52537394457156,16.749967278527357
67.4474562823244,24.538436176637106,17.972875762515166,48.81407528923571,32.82851969485051,54.083497300567835
50.1534959152938,28.41795775152599,20.102457252464074,47.211353625455814,38.40527357448303,40.43475384692865
35.27737023428074,36.06548849989592,16.738262183411592,30.83725899436275,19.564027200761053,-9.943802994600269
56.93155211394906,30.708584568199523,16.742524613344443,53.55442801105496,57.97438562596934,45.185008446437074
52.98589543360205,41.59664769990847,22.03811984886951,51.70198709196604,48.03124838837906,-2.400287837291618
40.99674684261808,31.96658919697186,16.55361789452403,41.34296497247793,40.668242180293696,-1.7889469397402245
51.04703127485028,30.960245582450156,21.998937502727635,40.79597862376036,58.63753149664094,22.8907762670741
44.220296047073596,28.454417678987493,21.387773878561852,45.540577711159074,67.27941261705476,25.905136108597183
51.70276017876872,30.66770452391141,14.82257981362821,31.38296929743742,101.8639586441989,22.219208461760807
59.9319601178157,29.23765081809728,17.967306042993034,40.30031479164082,29.762331608735728,51.9968350011597
73.79025224218029,33.54054338344295,23.58232820914212,18.4761645539082,83.18762086601043,70.66440188353474
31.432767517597263,34.783511583972924,17.056503406580955,48.76455645502936,79.46203122030144,-2.893844775805915
81.995500619844,26.070052697460252,18.606787213071836,24.385067775581405,44.41814521246599,101.34441553799007
20.718683007162472,23.34383523221111,21.386182679755688,55.03419828428999,64.06471909172062,4.241711680752765
47.72322357446625,20.818973134483517,22.350171527847785,36.698799060335496,50.847335013247694,33.95300775325457
58.82475809726865,32.53995663456272,19.245383341866514,37.88333018068823,63.71377160837478,51.41368068309419
54.21487801602549,24.483166969130632,18.207469415925075,33.72266093915494,90.18262026809101,40.408155437679525
40.659507202691096,19.235547035237587,24.267109585095522,37.11961126077924,72.11212465262626,48.755906522964935
46.87816624464087,31.942893022654822,25.216698991392736,54.18531345148037,70.17216746466885,39.77715498289909
42.604985980117505,42.46499758716395,22.936574152345386,15.121913434649205,51.39381360090715,0.012650979325042222
41.15952864583683,29.969645442300532,20.255954427695073,52.769653860881874,30.318866701513297,1.9663911663552263
62.744031455315366,34.19245387225821,17.57520283507722,43.38023481101708,55.830635789191845,30.336619190897316
55.35523228947571,30.409146792737825,17.508666780330305,27.929783521427844,84.1321630972783,49.19633290775442
39.60635607109019,29.505551734044285,21.567542315797272,29.24687606950762,29.456642868207048,14.490974940017177
63.493998131498756,34.59538241493884,21.25519466266605,56.763930272082035,38.8982126364661,42.47356504812514
54.60949281314914,28.548627279056742,24.204795778839287,30.544931200572687,62.525354724681364,49.50762671266596
62.1929317825844,31.336961570359513,21.951350277608416,28.466494894040405,40.30690430305475,53.55437829276502
59.44443262885419,31.608489030980067,15.490759094720545,51.373145423647294,44.14953105769575,41.48304855253602
37.56507483616892,26.659547731784755,23.155842853168757,43.385528762859146,51.528028365436455,17.519754505063588
41.597284397045456,34.960211747682614,17.005818118056762,30.620744234636014,32.68765191619701,2.851727701907765
61.20940407684893,29.125201216522957,18.848086184142947,42.16624975404619,40.51756307567263,56.566735027212374
59.155553981501974,26.221274202535778,20.750600618755083,29.742473163597225,74.06855833574618,57.201778187236876
49.68647609053778,32.68254921785202,25.987002469351893,51.00821398422605,33.85260435538072,24.58511692860068
51.75991074963173,25.507660091044812,29.329755668016084,50.61370964873134,28.04255731010325,57.110546906297415
69.16497343682637,30.140905786845643,21.820169177408548,45.32006198821943,47.399500409322116,58.085392018954714
41.12642916746255,29.95440501677898,19.450410143838837,43.61661061247017,74.63911005019692,7.9894170462113365
58.20646071755057,35.42947782915789,21.60351694544165,57.61188124867374,56.061563840062206,24.662786901697462
46.96711021349159,32.373491164399766,22.662966277621507,39.996863273882255,50.708378437687635,12.247757767150937
46.73478195159169,29.87486520627428,19.037997123328424,28.181258745791986,60.88717595031214,22.147340910466323
66.48165277980786,34.08883149600143,25.385634067736966,44.49473912832307,25.08585134280696,61.57487599493933
62.38124523482045,36.951037745086566,20.690212277574208,60.86047049537114,69.89411307550066,26.96394669053955
62.20264454000958,32.78905153175931,21.49322926727418,29.85240506814148,67.66870062807288,45.35723599031387
69.58218210731494,30.051763099216902,21.997772756163386,36.38537233306014,51.813830518085574,53.70173988434616
50.31505762449139,23.4408188382492,21.264759831843367,44.16446038101453,80.11849023592833,41.620238263446
60.22929456942446,24.674431684623137,22.516821501408835,39.46095150994261,37.45007802093923,42.153077115742306
45.34599865109816,28.47387647822666,18.14824044035923,30.176964196226855,82.55817986507138,22.939982948808147
54.86249528732663,26.952438989203586,18.32509473816191,51.21857856230471,63.08987331190502,40.614358523614115
48.047854184484734,29.06514348507277,16.699537301084916,63.20040722017259,53.26894820243653,32.69414239748098
51.45493947489077,30.283249624485535,21.31850369186068,41.96131459023907,59.602527292633766,34.50797094184913
58.9273553815537,32.64846377178365,22.33680951053634,30.959317102639996,57.854704683781165,27.27858903451097
37.726689751497915,29.647506109704544,21.373318598455658,24.51039474946525,84.40565792835434,23.82366414750104
81.3858091352819,32.43250821913101,25.02347730004261,42.57975981221181,38.466417450579726,76.8284663169021
34.90973927750447,30.3223720740506,19.98321194351286,51.038773433162575,44.74961521706803,8.6954059116868
31.78717080818402,20.12266716823064,22.006224966777538,44.751677464953815,80.7260578414496,23.346710825352126
67.37166310250102,25.303323030906228,16.724897371582056,39.97596159081146,48.089301296322816,58.635722805507896
61.87494040944404,29.279562221391924,18.838700892576796,34.107283482106936,78.01066154663184,50.850660015157864
59.36179725578233,23.95152628579446,22.08661327269733,29.0783636728191,93.98871966017418,61.938834307719056
59.4251826389642,32.999643649981024,22.547306332229432,48.34751326324882,51.96409946116733,21.943182911143417
49.81629840729628,37.65375416171849,19.118099157007453,49.13771621385585,73.6272465315061,8.588380492550217
36.54118442771252,36.09380925848659,19.7852022444258,24.542702133092668,36.926154373202834,-5.032710457227383
51.137068372905894,28.93278564534896,15.446378759957572,55.89838978180684,75.09466596135618,34.12492670558248
39.842574327318324,37.45363068424976,18.92891239758017,45.74071220894001,63.988479719735345,11.254166380539315
64.62679600126627,30.743337286010558,22.67114949055936,53.99594645145793,69.4607656432043,44.071686029190154
47.79413927746792,28.314570144409803,21.7256150483197,26.578722515148847,47.088558559292096,25.945257683363696
37.61754204811233,26.9329866822953,21.501997164143628,26.341758445845613,26.77833168865655,13.185997183184202
45.1792123752051,28.487651567559357,20.14932106154288,38.51030690232703,70.0650412949901,17.85290005741495
56.193971814134365,28.059115907293858,20.02118947588453,45.02784426895194,18.731936950410912,39.71145569343347
41.54413170794038,30.85208111187744,18.01903658157966,57.96360822926964,53.652990155149304,22.329575828825234
37.666694066503524,30.802869905249324,22.096485260607604,47.060789138151314,78.8236373283994,0.40418896591698505
53.65530817237868,30.015230100767074,21.262918833168168,37.573187231879665,63.83795471746072,40.36210542514699
53.674498566630845,32.18469084873175,21.476056543978398,29.73630792334108,98.96685289579626,14.86137212428861
42.39585236943305,35.95323137393171,18.42189547199726,52.300005727191504,80.50218305163547,0.2848835778627352
42.93442541572516,34.74777067720662,13.539971240386267,30.35294574249285,46.92203223348847,3.381189387187769
53.480749060364545,22.575510157750482,23.291458135261088,56.284685547723214,60.54626759702877,68.46442907181705
28.27873487754014,17.230394325490224,18.563487631974787,37.15615350393491,59.05258594911128,19.491034433790276
28.888043384351672,34.67159955619637,17.411672707870636,55.905820726178504,28.356464733077456,-34.3177324164391
39.22333668121346,23.165606507922895,22.08043673574198,46.78931290059278,41.19202167031294,8.555121305232898
46.798292724322295,28.87617299053658,18.823962080242612,38.63004510557542,48.784781860402795,27.197370008998394
54.66361348397007,24.149434869703203,23.179809152139867,34.806036281738734,19.27558994288127,56.42416362051772
72.13034325424329,20.9900978120999,21.85101784873009,36.5909212265392,60.94986936503286,85.89538675780271
62.86489434803029,32.70731364102394,22.050707969601433,44.283166923752376,55.01856310693918,46.58376928280818
47.60092205054859,33.79577580151324,15.902132866398397,40.771564962177166,26.542121973768516,28.38349388105227
49.71475688145967,27.1174479963664,23.6358319561592,34.06188591931295,68.08425730554664,31.759243100164987
34.96205953043287,17.04478853927545,20.783751593701567,38.34368589682368,74.31745489381919,42.69449357421743
49.72230296011415,27.268777758737585,18.89216858226139,40.7857702971915,64.54068957729778,18.171834363562574
45.670120416197925,31.959020027012734,20.430165402026752,18.71265905585188,53.518636495820594,10.75274494190413
54.84077840507134,22.605442156129357,14.67129430130504,44.58168114788699,71.8288430350371,31.31551649668265
37.59153584671515,30.91679959889578,21.225958434442013,30.20278775283193,73.60440720953382,7.418230782804262
57.79019771361759,29.923450754135022,16.911885475453786,28.46667596794255,66.14807139439377,39.8317256272198
72.99108369503867,32.89645749800544,15.941989142469396,23.1265565288929,43.50775499130478,57.80572004004702
48.36859777314714,30.597901842070765,15.432922441346326,22.0610750213211,65.53201531022361,24.692387725123687
56.02567583148412,25.13465529559222,23.338065124969777,26.44552496887711,83.90961301650958,41.16270241040934
60.352159875666686,35.982857508322454,18.112209818921635,32.9097904236951,48.067418827765394,30.716221262183772
43.98169292171246,29.20735213486515,24.601183129749497,59.53259137526568,101.95878678264862,9.883959991655647
53.36138722715625,29.86347730245034,18.392595610843106,34.74120324104796,49.487381320292315,48.14371379257774
50.18888601172692,25.333660204634022,14.87792612722116,41.777501062680315,60.64814026680273,34.0187109429529
51.465141478232475,27.783588744042447,16.650426680154023,44.004813865063284,46.550288079873276,30.066886878903915
38.404853242168,25.575986429865495,23.707434860020815,41.31065186215849,64.46541671840522,39.19842771797225
50.36765261388414,29.135269700382885,19.532305466189996,39.225565392740066,25.155566147294493,19.62462691766315
57.46997436868175,38.558542400711715,18.3551381105282,28.04706236400755,49.07916402366558,12.009574666543607
71.76715411692562,23.140494285343216,20.480054677558364,54.50927548279212,38.15757599302866,65.64756669479554
64.3890623912781,21.932193010616295,21.505348208502635,58.07196643637885,62.706766957845815,67.79316785294105
82.29773686267335,37.35585163746804,23.35219644770738,23.173413058773143,79.88894751017816,69.7273165393036
38.489786556679256,28.95338161424067,24.34549768967878,29.759714091136203,72.92012374229103,24.39742013255527
63.08480955081017,26.654636306700418,18.92069406263274,37.20189657622994,12.566812782822154,81.49824191908047
52.75013008607527,35.199523436980385,16.021856941753885,30.354622050898087,100.8413930585576,-0.757247815978559
82.8470439982651,26.97192230131568,18.759604516630173,45.05965553455865,65.90559881241737,90.79387954432552
37.87552571967273,39.13004856773468,20.78084151974866,32.71727797593387,44.47001719014,-11.627693521808258
37.40417236728836,33.38962935669635,17.108723221368166,61.65056067806603,63.142558379818816,-2.982790040663807
41.009110318339665,27.560442959271487,17.12854725531487,51.90548594343596,63.52379645005385,13.75933190408519
18.141564135352898,40.786541066327516,21.031363644649655,42.12574030632215,46.66302566096873,-47.93275081538059
42.113674674788584,26.97142538498331,19.854042945288647,50.26986263319732,63.95833334684151,40.99993106089511
38.61301007669453,33.71047686004653,20.098390986234758,51.059004243573085,47.850554247593855,13.970730158205129
52.25590679714311,31.49646290203246,17.72451399589979,34.36052511941757,51.912760146199545,29.485151175173403
55.12633963665739,36.50870644699399,19.308797857382697,31.83782755458035,46.27441728489831,37.83665301455945
78.14256258823829,37.807555983634266,17.227300567195087,40.78143062969647,31.346574205206945,40.08709254569769
64.25635757279075,30.160020745328833,22.67059523337436,48.616361244979444,62.91672940430768,39.09274117190637
41.346445165063955,26.232910648269083,23.105748004171257,41.390603986534174,71.70598873032677,4.327043131196518
36.52377992977463,32.29986071469558,14.461436413285718,24.230035178090027,70.29767192152744,-4.577478729319233
57.37878757259759,26.61142315123947,17.21146741942277,31.971755560491577,76.39850505270468,48.06805403317636
30.196501894690368,40.066936237633115,15.510412234729763,39.26027136405622,66.48680420029737,-21.05532773654246
77.47188148781531,30.682676655413687,18.049928196779305,39.2433439567417,49.34549003566193,70.36085212988405
67.69160181081931,28.173392243439455,19.749686090628916,59.725421767898084,76.79327728862378,45.9548929640037
42.962365218429426,30.923401529324543,15.651064340904409,26.14012057601002,32.8496492031613,23.453824365587476
24.302982063636836,23.264368552351517,17.23442056062406,45.055892418358745,41.986572349750396,5.939221453454232
70.3080856124812,25.141929807446743,16.988127883755503,54.8911310832829,40.71599857153511,76.00287556036605
48.28190232121073,36.00206953972213,20.621801988196832,62.71449745422796,81.6011211827862,-3.1980063794302698
68.56724467960193,26.71552860514302,20.20803301110875,35.95602576816039,78.85577028280152,67.63873490264912
26.083585118084493,24.7654450865903,17.83478733998824,44.914294527201996,69.7461047408999,-8.365771225235015
41.00937465569341,32.68326376263643,20.530462616418195,45.69760357198647,81.43859730423594,7.4395332409627235
50.07865549577275,35.928520773314986,18.359959746238204,41.95481731553291,42.414344351760235,22.784570556512087
50.70470890647113,33.594766553325336,19.18503466902184,39.01154798760694,66.97190239721961,24.37098365012608
43.249017927811344,34.98023842902908,25.02035627089561,44.35975389500046,57.49651143233672,3.90782837131348
59.34274898521248,26.216024557152696,24.021383155371044,14.677539147803145,76.93764207769829,53.65549750304302
33.98569355926108,22.89094666629078,16.101256289217208,46.820694900626314,57.69551534895605,2.931921998482231
47.8643077246806,37.506668259777435,22.489197253637524,41.26177903661967,52.30114223179838,24.530397653267755
51.804434475678484,28.38660080578932,22.434189663474776,37.77525103221735,70.8181703712198,35.09770473871396
57.71658251088124,28.745834917724764,16.555210133742143,60.46862195719558,77.52338334382466,53.54630844029666
60.674223171333345,36.64097070924529,22.456332931264583,33.250659812094476,46.63309610306396,28.6922429331813
33.13036862243196,32.7811500470033,24.61379575523766,35.96924010934969,58.77848657295248,-3.7956091668056624
26.988287438965667,32.279438860408035,16.632365581266757,59.91553302204734,38.831187327166944,-18.402131638112657
69.16515232847763,40.825011724505416,17.24749153695721,31.679386951501435,10.038779650141208,44.48319012911497
54.98471017969388,26.782408848099287,23.05298440053051,34.49884717063461,64.00919262827458,38.34442820032274
38.7727019516517,34.63920064040619,20.814485932476945,38.5297457656915,72.17810712509264,10.73384893705541
73.26727963283784,30.285065624485423,21.65442882571857,48.407344821295496,65.24133618173451,61.3334786364523
51.73511951439288,31.342961394316283,21.02176764920149,42.078025073533134,21.008765644912657,10.668007308641307
67.6894577609574,37.64234213206266,21.172087762784432,27.073746528477372,52.98301139847051,36.13240558083833
51.01277722115164,32.53917878144812,16.02058361506675,34.6783143687281,15.633044798978375,12.660017932736114
80.91121887322981,32.69148039524816,23.141953119864347,33.92645566787789,87.3940221530837,72.89387131610394
76.33011263664807,35.362536686549014,23.508769977283322,39.22778954776955,38.27890835763828,48.62040321377083
46.2655377728139,28.175236352285573,19.31182776779592,44.25843658629829,85.10807218919793,36.963498845693834
64.57356426431534,25.803951663304968,19.869569150558412,44.18205755887972,78.91739287368291,59.276469041612
59.680639243777215,24.775954029894834,15.406677492332832,22.23988245951598,41.98819294927877,50.89642960445518
70.52947336298523,20.16821705311999,21.542764268053503,50.639409875608564,37.3443009746451,87.78807945014043
35.52614809129843,40.28103564970161,21.71617232514243,42.52568845996623,67.00740432772676,-1.7756936591257322
60.29077189997659,24.483958171391585,19.813426949002068,53.84532047593906,43.11351925633858,56.17396746398623
65.87636730274382,28.89373188207114,23.37306007961151,44.44198327290672,62.04969284316415,50.00161423428629
23.618907703653285,28.615933500555396,18.997768307060177,51.01322957735762,50.34344818386163,-25.044317453222074
32.25112231001337,31.537033489045506,21.6938177776808,44.66545311450127,24.376831710687334,-5.710972194582354
19.411517333598493,34.078686062696484,16.941006983923653,53.46225756202748,15.390639617510821,-31.741715099513016
45.95889748333163,34.30236744179873,19.929343547377286,45.22250636017779,64.53368496989194,16.368857645011598
60.76313383693943,27.08461280715531,19.476937226291493,39.02084753557096,48.768845073387496,48.262474942864
72.53535578144042,29.164391431067944,20.675923766122825,62.72434720446881,48.93820366171735,72.69154241360043
51.111421706296625,31.412899752441497,18.891419213499923,48.89037122279892,73.9172767818757,22.157209948605008
74.42923318356938,28.756544369082263,19.605582212984995,45.73744421004413,83.4688455326489,68.36314047515262
29.29847812677663,38.03672788009996,22.47814151432452,27.23695583461664,54.549105572763814,-4.046793380903823
24.44926340967268,32.45487475819126,18.689707288285348,27.116923825364623,53.18802586180277,-10.472748618181157
49.16678451655072,33.67438893024909,15.180268697783962,42.92715482141853,70.00286066227767,18.39115784633425
55.76098173408961,33.31440634333706,25.24875171261626,41.45521197768241,32.86128860600849,28.61759135141665
49.509578778588605,35.86736928742663,24.14436223607146,33.858774349916835,64.46306109495394,13.269496743915612
18.98836849940185,30.905107793518535,16.123211914683143,41.4098269961206,71.03771943644308,-28.772189410112198
48.66319940730818,23.515840260220767,22.069123415735582,55.886269280435954,73.60460416835258,36.58761164055952
30.432957492427203,31.998439758763208,18.491075688345973,46.954024745502984,21.2649459499507,3.4547529527305185
60.04508823245058,26.743215531040853,20.79046164599318,28.589914902472618,44.772894603821186,49.75754939666807
55.498973691452726,27.356916591251217,20.882672387040483,38.884911728570565,42.43473494353067,30.478232854384583
35.90180320508967,32.931820093775464,19.296776599051036,31.95033519147439,61.99773908818426,20.319145850206933
42.2919962399496,36.19141535716818,17.64870300324081,36.12300083591439,69.61489159535968,8.079167058660074
34.11179717166573,30.106357883680307,17.928376843051222,35.86384334370357,89.93420814891962,-9.150265593468104
49.059813540902425,31.544165062994818,17.251424253556273,35.22354417395995,50.10069039263854,19.708613039733894
64.32713480751858,38.51107472317619,17.504533375308664,27.44864628026605,50.04855003381572,34.32968328086399
35.21410930496684,31.203765897442842,19.798465129851934,38.7234531848181,82.99344037757494,22.358785660464314
57.560697732767665,43.008415570901974,17.852720032667744,34.3939236315269,65.9315387706061,3.169450891092728
42.04613572441339,32.827548228157724,22.04615619713786,10.70551309997732,85.35303022375948,23.19759242243304
38.10690751606484,21.19618620422091,24.46173846600778,60.529720245016634,65.77456006019672,45.993722368382755
48.394544600681634,33.76670810552266,18.25984027588987,50.88769654216672,36.85766762573458,12.901777777176367
34.47136516370939,31.90579192441389,20.71821350160613,36.23699275075004,33.33743290444387,0.47943445893703984
41.69526041979227,36.44876377041373,21.499055330908803,40.188190497405984,28.96975501882142,-4.968201719422355
32.03183161116728,33.365906756349794,21.41600681275782,28.28345652682438,73.24103669516947,-5.01067410037281
79.47087699374583,29.307720080081133,20.227865803748262,56.95722877810866,83.77193646174015,75.33890848890131
50.52895327957593,23.878508818553172,22.22804725507917,58.97288694773111,96.98724282772761,50.74693589062083
39.50411738011122,28.954883713569874,21.446746858041973,41.56693728246525,76.86210664646481,27.97161678225254
53.20969866101333,25.7473977289535,16.287012733018106,50.235306441853446,83.25677155069971,33.98229825390556
48.31507925463755,27.097382750976386,22.60746819316782,41.75286778933924,48.399673346926306,14.908336834327514
46.685456007001655,32.942892022103045,22.661872511800226,26.632745611240694,36.871683665122866,20.260888429434086
59.21250050065138,38.34952252175703,17.710141687464255,35.881766310363425,77.00158664835106,28.910151850881547
61.36261565070958,31.973357649114906,20.113813506342805,41.31927966771957,68.35361504478801,45.648291807856374
42.04248278584209,24.020584689824076,22.049986978433207,35.45452281256556,62.14888748681785,27.78081581324115
41.3627263903298,32.2230133411007,19.372058541261914,37.81346722564964,67.7474296126598,13.531613170563599
45.874224542725344,35.98315743322826,23.218934143298036,39.08600442490886,66.46370964916412,28.60893710280299
15.471182528966224,26.95108547840309,27.09161748385808,39.191215021345386,85.67633719707123,-8.332246731802712
27.272134067021717,29.32991416663541,17.642041902095052,40.522584904974835,85.89971169633912,-7.664290531721562
70.50311401166786,30.073440973645987,15.856866190538675,29.39394933603399,70.88440704680694,53.5342439945192
74.67451570251926,26.075508434588798,20.911455786814628,32.82983850872064,76.91605745125857,73.6179610012313
46.264459406654325,33.2414021692193,22.164687515378432,27.154157343000307,70.28125104849552,35.36362814753849
58.648354445836496,29.395259256961094,19.307400878465693,49.778155496862006,50.776605359307624,42.00270649880342
54.66875231815304,32.09766221953514,24.359781989963103,18.943530581596754,75.1312934982628,34.78975158793374
96.18321212682856,25.562539110989498,15.984182600830254,51.53590343316925,32.11009862281477,101.31869555931596
66.79362367151865,27.812708498382946,22.078755869094834,53.86349397262843,81.07783104591766,71.59423001947914
48.0812361277885,33.61190678913886,18.18241753772332,36.97819413017378,36.1095412046793,38.58762192971346
35.666893390993614,28.135834239541165,25.15813371862189,13.968629121727012,65.71606573589466,19.313868961032924
25.90330519613641,38.63481925616703,25.977546059504355,36.38689438032709,43.09692083147682,-19.598178650523003
53.051954538008346,28.001819071926988,17.70003023664996,39.35815838711181,71.06777966148853,37.79213711322586
38.654738820735446,31.12342362875943,18.35132859227426,29.894017800710866,59.32149548144182,-13.932142618136018
28.666194356034886,34.66295415936545,22.578763660939405,34.84781606191757,28.10488083673335,-2.5857263113606876
40.301406736362104,22.908171335334842,18.838608050631457,55.30195198863351,68.41399262036958,30.39673561914763
33.77677994578407,21.19595594009612,19.863766346203285,46.64927162301741,48.44158446334579,27.48856171819276
75.30712452608847,22.371718427149524,20.07616526162723,30.754358856219,77.62293441626738,76.14071062481023
63.224596354241754,36.31292051713591,14.24098053140703,24.02400830404568,60.02651377468815,30.486974973023415
49.88041038025074,27.240709270537767,19.95848676171729,36.729826823902286,67.90841970776076,31.20819104512748
72.19916208335039,42.79099642834126,17.930816677807478,37.86543220649562,40.84862089969576,46.8983884479772
51.16052461471428,27.178762006713058,18.520631532800685,44.96199187363317,48.213355371452764,32.8559803090147
37.08073698007605,30.922756515985185,24.33089601040644,34.64683287432341,50.82722727797831,31.7676436644449
72.84686115904486,37.71054976283938,16.23047931716223,45.114995753618615,77.13404960485111,51.27305606162003
58.08365065526988,40.03046444079561,22.439615560243933,59.35154040060229,93.54754175610978,10.527528281478245
34.441307685103155,40.30751788318199,19.163111209004576,48.15501022444263,43.896564965142474,-15.656981566726522
47.14491982874588,36.04183115296571,19.160719494512495,39.519114926692275,81.5369628931536,6.697325962879477
36.86572619922865,35.12031262905731,22.371115688155133,38.16849528946705,16.60645164548596,-20.700302813394323
29.25800403553496,32.96263474600592,21.020153883706673,36.433268658201285,36.11621197815421,9.466522904281838
63.892663212974625,33.89180538083319,21.711838991658592,51.806409124521444,40.8244308762645,50.942728975824885
78.64124960705196,27.244071418357333,22.904553981598582,33.72686554048697,32.94982621118555,85.25808174365568
29.02148639271288,25.909005582888465,19.00607485045003,40.45222708999982,28.3282322042484,7.871292451514444
58.444538550358565,29.98312771294524,18.16328979647675,40.511979018810855,68.25997824275595,27.96202161096136
40.2403614631726,29.149076887375358,16.744548420326606,34.98215807188468,55.718646045442775,10.59849123461711
42.69311924352956,27.733859753363625,17.523768410063134,26.275344521158992,67.58810795210219,30.751651311438778
41.11409113641696,33.481937237283574,28.847283275926173,43.22974503617668,73.80945372243026,3.6187035701963506
37.04013845480276,34.77652604285255,23.73403874221036,39.389960281446164,65.31233986345067,-22.443518194903923
50.72782441917241,30.442034431459238,15.946776901375936,45.0024046943657,73.15526352300748,25.909996138718842
37.535748253834434,37.38765040527631,16.03262612976929,34.66399693560833,58.609354275154615,-6.872940905191715
54.056852386697585,24.291554429332475,21.445598185155475,52.20821298813048,36.26013223388511,49.580602978106256
49.246428358262946,29.03170270360141,21.6417943921339,31.232262187881553,81.15628361641592,38.912320761403905
46.41577929700385,26.415888396985977,21.646651505952093,57.120402840178926,48.21775734437746,38.991276026821964
36.386545069376034,20.6673169146347,19.235132619338906,22.523634901717383,41.28807402475148,30.450448136903315
41.34843004147501,29.586596570786504,19.6236372199913,44.347700645568914,56.441642483912034,29.616584411502252
61.33086838738634,29.39126245808358,20.98363857247807,44.754306825266234,41.74378161406974,33.51589914301823
57.51375781436571,37.567248716210656,20.25767901887999,32.04442932059118,51.651392360211354,31.310796943341156
35.33667132802174,33.154058422773886,13.342098881757394,44.24393937861012,66.88107843126933,4.633323220732954
51.489984581438385,24.879065878353977,19.31060110827442,52.795186697601586,66.96683478492254,29.736522808784436
61.27080685057683,39.27046283167094,17.44578069721906,17.831811606459354,42.04339867148741,12.059468874309006
24.958920783179423,36.10516847762676,20.525634256725535,45.02744807490814,50.24589254102511,-26.968559916877634
58.15040288569902,32.910488517343076,28.95577700781023,15.067291796699223,81.48666009540487,34.26710137261458
40.060643615812296,28.86757950575084,21.102444996422914,30.34335196476792,69.92800235467882,25.44122354545253
58.55898002889739,25.202803816382602,19.059410941482806,56.29166364900945,101.50130078697083,45.81718004441133
38.55111265186225,28.138966119644735,22.765404505931755,34.18217966607946,83.60256347483056,9.367953808657743
22.926768490032213,35.443743098520926,21.44806366162764,28.261200355910276,82.88586137119879,-26.889638998125303
25.586863431752562,39.42293152967304,21.260283471355525,38.020622710153184,32.24262899088396,-13.649102834497366
50.72127419992073,37.71621764136094,21.820551779647012,60.67906338163552,75.27720703266846,16.69018565075223
53.89583752582223,27.55575289106863,26.169630694488625,21.68317752793974,58.937863966061784,42.024555600271285
36.43525062343387,24.401912833554945,16.607334694022253,29.486900883606555,48.98036392923501,18.05266262804153
59.57888688166061,30.70443123455602,21.420896230434362,54.974316831796266,63.36030681065057,56.59051931186129
25.0771990659656,21.157803172185744,17.220856610055385,58.57702343537733,78.90423069222967,1.4189032935721873
49.00880302029025,31.615838570923906,21.666537939026746,38.96568775709716,70.01663182008423,39.26987926750198
31.83475700356315,29.261987068506656,17.243940465541716,27.609472974733578,42.4305239731588,4.955094590317307
40.222458382967616,27.66981749065879,18.747899559184745,60.95843501809159,74.84917827185241,17.763808552972748
50.71098006974621,22.02648466366602,19.114730257286283,55.94442391749197,47.24824915848072,71.57987088527324
37.09379952074072,32.568000532848586,22.927450158034127,46.78946987762233,64.33366237928573,-3.5879716035549976
44.23166683655262,27.336495801690443,22.75536333182724,31.875976510625797,53.932998650457314,24.515332721691603
65.0943921382166,24.15041582144856,16.262847870660845,39.50970659161963,55.62267496528749,50.1478681081182
41.34662195715277,15.638688933591753,20.164802332999546,38.396399189551694,75.32485950081019,55.34957594040712
62.535381680977125,29.862425474746818,17.871260435752482,43.30851304615578,39.19612560368204,64.90574112636509
33.05439718013573,38.86125798334872,16.224485267973996,54.51001438131336,98.90390148553865,1.6705502515395345
57.947062668729245,38.30629607273935,19.348948848726888,48.79417041137403,23.578278614110076,37.22196381343866
71.6235293098685,27.714518717068643,19.07455163463254,29.226239230152416,48.04664633490286,64.56732767002208
12.925332498090661,26.988939698191096,27.280149459036565,53.764964500195376,67.40423779883481,-19.602215694626384
38.046571167942844,32.34387128037512,21.29887947608209,43.131321400131554,71.6862833287062,-8.680143795735576
58.6560819077081,25.008072804058543,15.867147497737289,46.87065795858916,57.990485588565896,71.26028635413164
46.95431920935511,31.50895949909733,18.305677987487172,54.66540859278603,58.852185939969154,26.256179591066278
55.56718810056963,33.83040139192345,23.064149886288195,28.88419750486449,68.21100170655234,27.302485261456802
40.94022219926269,36.13466611942154,26.265328318609775,39.64174421293537,55.378610450846395,20.554234109225533
51.2988468120935,29.499229617600236,15.242050063286126,34.68545448640785,87.86362515869811,20.843190846982836
47.664841469118805,28.98163124911517,14.360226844582865,24.32140574634544,76.78698228463205,29.78033346996604
67.5167309248971,25.610087066217194,25.612895526115345,43.467099776049196,77.45648702011269,66.13507867506058
53.816312649518196,25.8655982298007,21.168842532112713,65.11556551584424,40.67686553259166,50.96446517953527
55.064039931128036,28.867605540492367,17.395121804370902,21.59922255494247,58.41223151188594,37.922674326031554
43.82184550816299,31.83682753408089,21.603887258367305,39.6771938895053,53.99068102558593,3.3517779121541107
42.6859066389126,34.567923131166246,12.092756782949367,46.40542935074774,39.887972486210685,6.695155814211467
43.51162718270569,25.984105246598276,20.010126519791484,41.23078201656181,67.20328367891534,38.79293495951134
55.91678213567445,37.46344284479761,20.983463518529256,38.86871947484259,49.24708484440367,24.14785521464123
43.68523278769605,28.644381994787157,22.77281041861349,27.007836365541756,73.10807659700474,32.37664161716736
54.34662285344619,29.89316352825782,16.958312143122388,42.327867429401635,38.59616874211336,24.757468438474305
81.13101197968157,26.263941604260882,20.257061484210077,32.43236022984074,94.38081225683642,84.03455757040712
63.06687055147539,17.878798698635293,17.223726121821237,18.100782950214466,42.07334682815876,66.20946693996734
45.10964701748238,34.42022698180525,20.766151267022952,51.94592220513731,64.38604674400872,21.67690059717164
68.01820883245918,33.684219485462165,17.313961032910928,49.58385819842042,75.83718620776135,48.63077041683986
43.87886940467673,28.593362214408934,18.775697482519337,40.5166097685108,48.58719139599774,29.92016518282302
19.428131972332192,30.33495358612436,17.012553815629314,42.29074688205703,77.04937286865902,-7.144328044357115
34.87870533623894,32.5796960885205,21.95340872547097,50.74318012715561,35.416328043991676,10.051555941266777
21.938121184612164,22.187270715567287,22.575353349969994,42.24339656778083,89.04235398365121,7.551501363705115
44.72729773938037,27.354736613268525,19.296138290127757,49.040175547613146,60.282985299315165,17.047419942483334
50.276275687843274,33.971323398109135,20.114713984880083,37.0251779912615,48.071771840622404,22.501262621317668
75.14655968412924,23.728552884153753,15.654225756099368,53.119837385739466,54.01636455145131,72.75894261577773
54.90391060646244,31.467789660833148,19.100970055979637,43.207857259326836,76.17838538785439,30.530132048974924
46.71349206786704,23.217090976882975,19.849386148874764,41.94051943605874,48.31089416299123,34.815407714969474
62.441083717752335,32.33214991216763,27.862379273089925,27.29938911287968,45.01284621154445,38.12925964101576
16.832970364881724,29.821792588512583,16.66409892267751,42.869558543017085,55.569268048325235,-40.635466059703724
53.53421837162849,21.924340920472453,24.392531716257313,31.680450825055487,36.46075774460064,46.967481091348816
61.562977908304504,35.82369677228586,22.990576320397423,33.617172734715055,96.41087815883631,39.12615599732534
27.821206313302376,26.327042116009753,20.84190921347041,31.84624371683879,48.67210817570553,-8.983090609605643
67.15631064810394,25.948737814928094,25.2758614525854,29.33765068100775,76.63233572360807,66.63174343330866
55.07744611241621,31.002845986154714,21.116316417820588,61.24771403016962,64.18940167295546,55.17131964833482
43.77068129148798,35.743186747143575,21.167477587003788,53.31339061988403,40.30931899036064,19.983952788969106
59.491727991594274,24.920890905108017,19.840638040947365,59.20367502144261,59.880905815745415,70.75154428885435
84.06039286706593,30.30839924923986,23.670706647255884,27.77104980444436,75.68005558621496,86.22042289507438
52.72799382587743,32.14408250165287,23.28940770143265,40.712537499108926,56.23477329827387,43.12362781609119
53.723308794505044,33.46552803631572,18.122968137511364,27.064923747959043,83.86225891702055,20.47574388320394
43.109586506896335,30.882207776386124,16.042258416203698,33.04305122802936,80.43030785563728,9.477690745454261
37.25233445802812,28.164860804583387,19.39105808781303,30.818730165834253,78.3782970931666,-13.147092939592799
62.455037248163684,25.862048896756402,17.599884306807063,52.395840064415616,50.80686455454006,67.61985497255924
37.15874261136699,30.430719415231874,19.809426276153935,36.0377032189824,38.40315104437026,25.184628022862565
51.073493558290885,24.639304940071966,23.712314404052417,50.68379333694016,47.72824789274411,38.656015205845904
42.83513829852325,15.393247582526964,18.62809503473963,46.04120889588518,63.92481881333441,45.24074273612841
57.18469738619588,32.18279902078834,19.871529856065276,63.036387521047885,70.9157342706471,28.808591828840175
55.00493157930423,34.519674205430974,20.174068204425186,25.20555776860276,16.56857190479105,32.381618575081895
65.56309916386849,18.18533782229081,22.545292646615856,52.59233239786799,59.83773596776499,89.49594487756144
42.349754017178796,24.95134647645031,13.259331998046184,51.464408704007276,63.16178450646369,7.823884333080262
45.95187597059943,33.09577130502599,18.17989911570411,30.266211619729653,54.44911487368897,20.92060621012175
35.31854426326539,40.2874773485585,20.63385107683842,50.0713333647316,85.82547678031759,-15.046930480991154
43.33560109885833,30.10396853837704,23.600236869280582,43.361449630262285,68.43560148501741,22.7295269258406
55.65950739567278,26.35998529385433,18.524292657481386,37.72523740046592,86.20383816161794,49.62137685128411
61.35482924968028,29.0855177944758,14.370341881874378,31.760645130280004,55.68078959299535,44.164354838777804
36.167520137335615,36.87438209574093,21.85913433789841,32.80890548550814,78.7495498501385,-4.603785350587033
63.044088801584905,26.770179104377323,18.093912833523113,60.49812095785926,92.70132789055039,52.93397973483788
70.33456788207427,26.00403996674873,16.431000022728917,40.006828189574826,86.23386898545323,76.41243391886121
56.20152354835551,27.58628238908984,18.126963830860326,47.82130001531459,38.15716813142534,47.380802061058716
78.151937188371,25.233356958706437,19.446423927032452,32.09100618332447,54.926478449152384,83.69023920603344
38.39316201344641,30.613351579973976,18.18576600638536,32.201470537783614,53.09670589100407,-2.2535943475084927
31.330179450328746,38.1233922923478,13.383301828702793,50.81984809249942,69.78509070152656,-21.34566192698263
23.31919626643582,31.615396365580146,22.691198590661397,26.504237884484677,73.72707110029066,-2.919707432784122
72.44066467233775,28.738232489368563,23.824625123836167,35.847862320947286,43.22214651948528,68.47381032292681
59.81548484531086,28.54094365542228,21.954565974018518,40.34027411072232,61.35677027833875,55.21393764002238
49.16622993634317,22.184045956516716,16.58694298872555,41.11372601840053,19.601453356877272,60.33984248912044
54.1995293947973,34.415548885735795,19.395525398157446,38.20906714983844,88.83890011603779,37.55201971189125
33.11766429052435,29.61081401493599,19.980436054311625,43.958197810959234,49.75251518646613,6.3766698100677885
86.68627969425239,29.09760043204687,21.79638316868573,46.92855755817811,61.11727879688994,82.62251855967044
51.93831772962841,45.965537839224304,22.005021466154243,47.3463754545933,53.80700572023878,-23.556584311487853
51.64092191907339,31.49376454182843,17.797478603664512,30.141961913321733,82.9205515002683,26.688743872056968
60.88649935848038,26.24104474952408,20.245986669240683,37.15844902071203,3.2498711720524227,50.71052791512427
57.2151384760507,27.868212018972283,21.371841213845723,51.94762861876938,59.66779315348182,49.6758662270081
53.35826036418697,35.74222854598378,24.3674669664403,48.94647187573872,57.88362485004604,24.19761466778617
38.142883168320324,30.56635205268882,22.113519619474168,26.271405485189362,50.92727224816635,8.934529862471987
57.072025357039934,22.808610108413166,22.367170062126558,43.514799003522015,94.52453091271265,38.38041354472465
78.2303674471255,34.596144672876015,20.251479883788083,20.217747506251897,42.253410822884575,53.8793234753296
70.18130069232467,26.65927957230503,24.23137743561051,40.469349020603694,75.43592354471322,73.83559101968777
73.89779939959095,39.366488881087726,21.22928838787849,58.97767016745977,67.12505577412168,64.88744184247716
42.33176485353222,35.40024032857324,17.416736269479287,30.521072827310135,85.23038505071031,5.430280920435267
35.15592769612129,27.763390521706246,24.21010991037557,31.65676954508418,46.656218304449894,17.590276191698457
48.11319619850528,36.40508180867556,22.093709817617082,47.640297815728594,45.34062201752482,24.93126715874339
50.835873684330416,30.339277552637018,18.670867936614552,24.57198484790354,81.92139814954797,21.801750027526374
66.41287277706422,34.263868375611096,18.56152109780227,33.67244970114961,68.50642616660221,49.0404733961297
24.61303055427771,32.42366408647237,20.889726635422285,45.96441137581753,29.101253066464828,-19.88782008713862
72.9432547919092,25.768216725045633,21.389554385802754,33.65714152310597,49.213899710734594,82.22147031558403
47.629881521315156,26.78225083841269,20.59187679689362,37.640300127890285,67.72765307696122,34.690289483111485
43.5967839507887,35.14980408790581,20.933926020328656,47.44185710315035,76.75528443093178,13.547048900350156
34.81843437109749,28.326123339467294,25.099872123729142,44.21546083536561,46.4153869361409,5.299354965390329
25.17714992201346,27.981757683790015,23.214629456704657,42.66818396295402,1.7148802036611812,5.479847839900339
62.34755875942872,25.224387103253235,20.571906773795074,36.60877720729961,70.46446371474066,79.20564653184431
51.09976950782606,32.11799532796731,22.82393174230245,43.700611152689554,35.59358620112049,18.746512522673637
30.650586503884192,40.31262459621573,16.90242828941738,38.762673199002435,19.653224037551773,-24.59574536837172
30.573818419045757,24.662335428728635,21.193781149840426,44.57805609925785,3.353481500317187,14.4490220877125
44.96322951064808,30.12109728336379,25.427919049199332,35.03067974882022,76.27961720395483,32.780671343802354
75.0353228793409,37.061102777077146,19.345862313822877,38.17431025620459,62.57234900809933,47.5082470688738
46.10612972954593,29.601793043771423,17.457098214142746,30.10042207447986,55.486872385754964,-4.646145287579984
27.45285570322841,32.26185898124867,18.043733334220818,39.64992389993764,87.78048725925524,4.269327201095928
46.313854038710836,24.688032359265602,16.731100887972836,31.88999136371155,72.74649366046145,41.06532797936289
45.90914645378494,32.141535486038244,17.64571427561689,28.85953549838007,92.32600085443833,0.9740305415427137
9.546700355876425,29.064278674977256,18.88847570422991,42.586611478553884,32.14529055666007,-35.43995688182048
49.18557700223282,34.928649978399314,15.783298942464075,42.127397758576606,59.30898752092073,32.49453931305589
46.53598204686983,35.936930257823754,20.046855001848808,47.82873734948573,27.665732501039713,27.431504240160308
60.44309547220128,42.94781821009307,22.70683152135994,35.68874430424901,55.412353362890656,30.50882277558521
77.73434142418017,32.89816586606788,17.27673145955924,44.08052846836756,55.02768292466645,62.6824217943155
66.89847544321637,31.628981582910832,24.557851770925307,45.50797572273663,72.53227274526142,55.19855007259065
45.96666964167754,30.97192150788668,21.532376265582784,44.44773807831595,60.911277622837964,21.463091528273086
33.40211136887494,28.23416853594656,23.09174175687217,31.74346317197858,72.46814276559832,21.463098692543753
88.60039704874791,31.692419217308455,18.02649633844359,41.49363482271189,74.06880266277788,74.77058124277563
50.888276510217324,28.522992949304854,22.563575681199847,43.641402960546614,103.09857354766284,27.510220158474148
50.20893937869419,30.84230488134807,16.72419829881406,40.07178466907942,53.69406689427751,37.09364432311233
49.638123693349954,36.587987678039795,22.670742502509526,19.135223416289154,41.17954598667242,17.172966880084495
52.971271411517826,24.967287173601793,20.515518019380593,41.6048962397348,64.92167230632818,58.56476533430153
47.834593821140864,35.699392805645225,21.65975365995435,62.12531039397242,43.954399457209135,9.467859880592567
41.39506989679646,36.58557533669933,16.473216183125444,36.39960731243017,89.63921536873072,1.6102786599705001
41.79711588139412,29.409657365044605,17.314790473170184,32.719229021446786,54.33563922109535,8.309624480147528
49.50870094676002,19.390725504957025,21.791684654760154,43.73348559711398,48.688472642520196,51.451069551841734
41.84862843299352,26.960890064527838,17.154955987327398,43.123782104665715,50.57368557697764,7.6431711441103225
39.30731325984253,36.484972732805545,21.38961887629737,51.92735165416414,74.36834846943282,-3.1905003472482383
51.596453415378456,29.88565968850559,15.898586580619263,27.421318440911122,56.84506033537029,16.21011538708496
46.17534173868717,25.003488838525445,22.544522638000004,47.31380252574992,47.16666359739236,42.46752858189245
72.55989482874033,27.47612539385891,16.302430055694472,45.904220612514635,93.30703835247061,74.20469988083643
10.235452874104823,34.20310013252276,21.65689981303857,38.57853463059454,42.876603186764996,-54.527198352212466
66.37260277883692,32.7336678410069,21.876892800938002,43.3868731792169,60.71132148065987,63.36887234171632
68.69127788746444,28.80533950415153,17.909684544711276,50.29457481598357,73.0461230322046,84.35523135944779
18.89914651387776,28.165877940926563,21.74607970125418,48.72315380028451,27.373297791658537,-11.649932393045983
44.85968608879477,28.04120925478089,20.78132679000067,28.569806879262714,69.6052100281185,20.18663141638425
44.428387010063126,25.387949077507486,18.383474431421785,48.20158186755484,38.89784649039101,58.30172548582108
28.887324579232683,38.07687844734721,16.974335947771376,39.353113949674814,76.45565561668005,-32.525287034984814
38.33274968613687,28.3883976539433,14.112122924982263,40.72874098015515,40.74697976162047,12.979455352500818
33.34136231801257,36.085792604127484,21.04895014189908,40.73196991001694,73.85538063697722,-4.838843933967336
76.28405665135435,37.60658025961226,15.305591685913836,38.4975701120174,82.11666132589426,65.31719650528807
64.03517589721191,34.9915544907398,20.286032598323924,51.91707497107065,77.2287305126561,44.81006091476812
69.07332642491238,27.841898436409757,19.209655351753252,39.16282040150788,65.02633296476205,57.54468148254117
60.82508096064853,32.018650451683044,22.037428326314586,28.804538716168313,55.37398114140601,33.70719099688443
33.06422343174156,29.879021968045418,19.093863501530407,36.06470144030271,48.47160847330312,0.9670047598253486
42.132196005803394,25.48149069634936,19.011656640958726,41.78694716810475,89.42069381634208,16.671867327034292
57.34061841841877,31.621796408608017,22.195612112864886,52.29214784297051,46.01009559664713,39.34339406469139
31.668082866620818,24.10480104420099,21.005174087252353,46.03094684948834,39.25867852860008,9.153147456550556
60.69497645258582,35.93839694230782,20.948467871548335,31.49464721252956,73.3073787006566,19.699526797139754
46.39511902762798,27.676913513508033,21.40780276942558,64.85189916678891,44.07726393627009,42.494210782887734
44.377687886756036,31.005798279364196,15.393283630378683,42.6477531097798,40.99873005067745,12.274851852304607
60.664399523052374,31.41643935773071,22.270366039960948,52.753907379990146,31.127914756604703,31.617535539344495
56.6639496722906,28.705475131479613,21.837406382040808,38.482855664227706,50.34180321078965,41.82108609162167
44.585507512713804,32.933469007376374,16.94995061427051,45.33359244705449,58.345699522070134,15.1700142211298
67.38994705046372,27.62548171688738,19.267758578977396,48.39468504518405,64.86183455321398,43.00316917561918
33.78405008600154,34.35648648728622,19.882078137117105,52.18194711754256,79.02612488598967,0.2206178942460566
59.239034104163956,23.270101598766257,19.5965096467948,50.57368305378225,70.53795847331587,46.64502709520818
58.89651886952576,30.63189789773206,21.001579899705604,48.721970000729776,56.182555608936404,59.6920605505852
45.35680341029015,39.694644995291426,24.29410034549355,36.849132688058916,56.0360864724056,11.032570418366488
54.89199533363177,24.998343376972127,23.245300183018486,34.28253958043938,70.20314937830366,44.96495643691948
31.233296354220457,26.611275147375743,16.06334241970578,43.326075103241976,85.45140325857139,-0.7926122567414158
63.860405288103514,32.569539248294575,21.866209970918145,49.33128072341069,62.526283989664,45.53495734538895
47.22646795335516,30.89790890969799,23.986799958606227,37.77279299223393,50.61738291579182,32.16519150577278
42.15915469221441,31.753150496367795,21.16042556206761,50.651719657143865,40.142679978289095,15.057702540767833
65.73513838755333,32.44593565073832,23.2729412755579,54.52616745486179,31.09589471175549,48.17571884626375
39.43484464185861,33.17360734280885,26.036811337102296,30.836790809265803,73.32539344087047,11.407160853900324
28.873080554546604,35.54849920978111,23.071128638320943,31.6307929620372,71.55957047279114,-17.290402580951394
26.650562397141442,32.04909328464257,20.747925786925187,38.59624941094663,71.54727050213323,-12.180439348540753
59.0901492701846,28.793711726907286,23.13526542225426,43.076126681891964,57.426811072958884,26.757508773539406
30.793559712555755,33.362868506013655,20.434663499290675,34.75432986232949,88.13869491783501,4.419196614975341
76.32191272976547,39.49940967447608,20.071709129854867,53.52202678867144,50.317630108303646,53.507882113841106
18.771058881744167,29.33683126808713,18.9457572928588,44.24066861518451,79.10538474414412,-23.77875400746291
75.44684552435058,25.127353476646793,24.690240076496323,40.39447048240739,59.22514210020914,99.24803118503283
53.16526200803928,35.53540334643486,17.544714002173997,25.640904761314722,47.83298470641325,23.31960812420005
48.549303321944116,29.398094180232007,24.59710317403435,26.841841835724928,71.85060614635523,20.96488248971737
41.826213697865754,19.13665226992982,21.499592371221112,42.810092502818065,68.19272237367987,48.78318640725414
55.987041715281066,34.23710838575211,15.802081475594175,18.674043738451637,67.13945518533852,32.387868704307095
49.435479463627274,27.323359070230385,21.102947878974266,50.12637409644071,61.625568441123974,39.003774849309465
66.54952823024783,29.547333588479198,13.699920477045127,38.418461556276796,59.24213836566338,48.322029360420004
51.7134147299306,31.659901652845072,21.876524050493106,72.43092969594733,107.76743985740877,34.69353805223265
52.25452642192816,30.952498398895333,22.655694448966972,63.079162506161104,83.68513290392346,30.18705715737411
44.54581681679216,33.547259085695195,18.22293213304384,38.18550930752483,74.45653789971024,19.395087636778197
49.14581564418399,27.822568147150783,20.370643087866746,38.93662997468685,62.23598316406777,14.209464175801404
54.61702653338089,32.565528990880416,25.86247230125086,49.9558151400203,80.14314401193339,30.38698333914404
24.347474110150618,28.702266612080415,18.48275988721419,57.031726099180375,70.35989552782904,10.57960886275414
29.777218668414307,33.694052404437514,16.823277238830197,23.619709425639833,60.524095055480714,-16.981312740841474
61.148961410340725,33.07683742006527,24.444990207387796,22.136245346453133,53.9287134946817,36.753879404142594
52.562981571919124,25.322806489777022,25.887761571592385,33.779651944456184,58.38165324674624,41.66312677962109
47.24024995470981,35.42991058087516,20.01108701554354,45.82737583173864,-3.4085147175611112,2.858035919199734
50.2765089959809,27.32018277442976,23.03438910622507,44.968735905075974,64.21201678595284,15.20878473594184
55.21372558042506,34.040288991405724,24.024427746592643,50.6977145498385,50.23047839779281,29.446360275886338
41.90360479535958,31.836436567006704,17.772547302384847,28.003024716346918,91.85339996565767,14.427401951034954
38.32542911896531,39.190918383975614,18.544082493896394,16.838561370311233,60.386881416235084,-7.146702527941584
52.93767882646522,28.88267008814074,23.692623539464204,48.58014195302145,36.22073160930076,37.03870421366959
35.32440833577452,28.253416019409013,25.05504283612553,31.718037270347654,59.00239691743764,14.437710591410397
56.12379133571708,29.902901970561338,21.688642580523066,19.81512135611362,39.07757829874991,50.45261906822212
24.461245936432395,28.484101085828623,17.360556939493836,41.450637459593814,69.46814831424933,-8.500516656553902
65.43733455988465,33.99970950971025,25.961183335098323,47.931756882186775,65.81894728678971,42.39634871708294
57.08896223619564,21.91844695781706,18.407087306564108,38.77942867878723,79.15679262216536,53.18883824306053
53.840446014708135,24.73158790426823,18.994586656485644,35.42151613817511,44.18236416610869,51.588254139336314
64.74036475918271,24.660985392104035,21.027013503468865,38.406377678540935,60.68016192456294,77.42235189173293
74.98211666693865,34.751537959867875,24.662481262144322,36.29417237599217,32.699564091467295,54.01990232005261
65.21555097527195,38.553066862909624,22.561927929656672,26.51952888059833,74.0298956384943,37.987494572205854
22.386886530025322,29.477753907312643,21.24459650108573,32.853193230095684,70.37742360880245,-6.369305349684841
30.806345498964475,29.155891384049948,21.38986559035432,45.212799050138145,69.91610042055142,-6.333111791764253
40.62772133456482,30.350260815565907,20.1305440059304,43.216785413765,60.03238062713882,15.51050404580979
50.3913657531625,35.80939151304095,21.674418543555518,41.6805980596682,68.29545781577582,5.148736302018657
57.76488530703685,25.36323432904713,12.41131976691709,30.048515181466207,92.08678216617193,29.436016148525567
39.11384280269802,31.191844913673926,19.110177622790605,38.184968378643326,54.298114859159725,14.509627267017045
52.80150146715617,34.87598814891215,20.723965804750343,18.22934953557145,62.77290367420169,20.973511391977294
38.66925601470016,32.50547084969923,16.546957749141477,41.784766638853895,38.277474016371805,8.289225273434715
40.82723295512078,30.947908082993717,21.15896995343468,54.288577078135674,42.63478076803335,14.745568473327566
28.900083547276665,35.005230462835705,19.386586337041635,25.258678679578942,61.95626586186615,-21.73104292287357
36.151501308336435,16.483838535003812,25.266427094946472,34.14072326682245,82.07867093403814,38.440245420326896
29.724730915754996,33.38937659765454,24.719059175644567,43.2910677871013,54.87438351496855,-17.163140284002857
35.36190120534001,26.72962158436288,18.602583292645512,52.528426344274834,55.28166941375752,27.794623865621013
65.80462694911759,20.846835515717714,19.547486865299913,35.51775383699851,51.86229510991251,58.227309376291274
35.759016667520854,32.556012997624904,19.778157303174822,33.077496707341034,49.30486658311354,1.4577249479330694
89.48573097256086,36.86829272581479,18.64502157152113,20.31076857583917,65.89942911417643,64.39180591249979
57.39976851321334,29.31275742686154,20.58507495208438,41.03438129308106,30.05484709642711,48.470887125747076
52.77254185542311,34.76437273601469,17.725153793337228,60.42076040143744,85.61879153333456,20.178330494958864
37.1246332972818,38.06139128994323,16.608153995187422,42.77358461964676,46.69155403741079,-12.318422832582161
60.50464819113487,36.57457226792024,21.868133671700807,39.77721020816287,74.43806970876282,42.073910037227776
41.36543260643339,38.199822646856965,21.888588752665434,43.22082310766986,34.60002805212248,1.8871039090443888
51.83014721968042,33.71063745535946,17.587052721020022,39.88907996051398,73.37680261092436,29.283916738671394
88.40126807403192,30.377168194507963,22.686066292287798,31.869856277398704,73.43889215628995,78.37733950300121
48.559101504130254,21.990170940514158,18.105266812504006,48.232799156777055,67.68404144011794,28.862774342144007
67.23909989428513,28.769687559350256,20.759495714113942,42.25761523111754,40.111429564004155,59.7711022001855
39.45235362311169,25.783767023419042,22.46103203783737,40.176132519336576,64.99096379196155,20.653048851800826
49.47517264254557,40.85471358748907,19.89916230588886,30.246339727217503,36.33887630531222,13.717259666324086
76.56200953453265,29.120570937838316,21.364222736423404,53.03507931934759,54.94473489807629,71.48489926770856
40.59549413318349,30.61602403392243,18.450711068337284,46.6470274533311,80.58826201910652,15.93730205844533
77.18672836995393,32.75742688020234,19.41060024971571,34.47079162632698,75.93403854141484,48.73671361997164
60.616279031832136,30.218012231862268,19.38242170735898,50.01824853681937,60.30365885080866,64.06397433384572
41.56299836158598,38.47525520215376,17.76026496037928,35.02429161614793,40.503868481543165,-2.368300232059226
59.48611608583281,26.88675319132774,19.469677510652655,32.17996507488963,72.91175424348387,57.16637620481206
64.58831674440094,30.973037276186215,15.35414510340876,32.40296882519713,60.3876247539605,39.252556413737096
59.327149433257944,26.28764707150976,18.526538758573686,22.289314469119088,13.593688035391537,53.75879840832764
26.446629201643155,23.39988744389647,19.14537351989099,44.71542380418206,75.65259652633037,-5.585591960630172
39.09294236262697,26.941154545473573,19.23146074251386,21.6885512166165,59.51534332260616,23.89351320684695
46.287220466727426,29.81481601475794,19.275507662387664,27.715561687342372,84.04902495966144,20.87921165791076
48.88349856349931,27.8534888774137,19.814707400419614,19.244119909214668,38.094589623143904,32.81752882998705
59.31008146326017,26.53789510063072,21.43832455425819,39.13930307209107,-3.5340762639200136,58.58823457205888
52.66551501399881,22.96841268164083,22.623551222397566,38.49679539728128,65.5816771669037,37.047819656712534
29.969834619348482,29.584472136856526,18.0507043194552,36.73303786813636,65.83127353363946,-7.033757491090702
55.70296776508945,22.476398129844988,16.390397433832568,29.574223053294237,26.186567447870964,56.370096915728126
59.15878617925735,33.80027981844801,16.87386676327069,28.2776624656336,40.43000908266787,55.55676775909282
58.396856718965594,30.412198764672517,18.53839123641522,44.64369863546574,115.10435487439804,39.65925982069616
66.21171088331933,22.71224250267535,18.944236046550472,34.494480682915125,53.88778771692393,74.27656052214286
62.50883231823356,28.453954614750682,17.69001180140763,43.16358321536145,74.61917952752432,49.630630449967995
56.88770118842655,26.239217972047083,16.11165000725032,31.147513138757773,46.98680345263233,65.33139678973382
48.94751432812029,31.5958725520959,18.631637517577435,41.81062742771083,18.193942022936866,7.0731284771247935
25.08558599726013,36.702252230115725,20.544279860341913,53.032780373160634,56.59483506408189,-19.557775087476717
56.44427328698879,20.624137651771278,21.785088397506694,45.861658003927836,54.687908794277895,43.055238490073364
53.115315307446664,30.575130395737087,18.327730840675038,35.875861817835194,52.00243522663257,7.620861884666169
54.0736825579306,29.199336022166797,18.7610065335697,42.571989703559275,57.70718328987215,40.06697559052533
30.84877136269536,33.35670038225233,17.21990507345807,37.59334825469787,65.28536543291273,-5.435313222257993
33.784151893876064,31.065983141188447,19.90568248887567,40.07880184694728,56.99766097492387,0.6487334254530204
65.79729279999356,26.240153341305906,17.454714097427555,36.743889478514966,34.71987664105272,58.88104866569477
49.406672692150174,28.40473032166691,21.7193834397236,38.356647941146086,69.72369583123879,64.14323445546582
60.22251046058936,26.019870715982556,14.642400524197667,42.12093353074175,21.012564893551534,48.033473140703414
50.42477564195692,35.38003569299299,18.921110982642613,30.066413004180493,18.992850854315996,24.438891180771453
50.446342092436176,30.10655824335971,20.903322017575228,29.841211730100216,74.78360989403136,24.41440946458365
64.07425708963997,39.50595342876504,20.551503548967514,26.114574461687887,70.14040544270713,35.327556301819676
42.25932907673939,29.696695930926897,28.079100991941488,23.9972889549629,58.85209269851928,20.652815498669863
51.44181165411475,26.457966165447687,21.049400073703723,27.82717307779521,32.09102990489856,35.66630035983131
43.06587066942436,22.431428036935863,16.98783620947397,41.59462506804129,45.84178118651849,51.418853357005055
43.482556588515266,20.984301618720274,19.713607258732782,31.07212484508116,54.74506504626992,49.883884906542136
45.36241814797041,22.079320284972553,14.671260999600644,45.13614464231096,28.082120628517732,37.588083625803144
53.33200657450569,31.335633255057417,19.75820075210972,40.34713748752562,45.219426839535345,9.16372436825889
42.818770675047844,32.54362511614967,17.500831828997725,20.314957865619462,73.04660676353359,9.281229462245586
68.83634188360281,22.094046489839332,22.746170826680483,46.549755842216896,88.54610728578433,102.46978090311664
36.580890466707444,34.475191570380574,18.351379176213396,48.1079864559171,51.61130494682899,-2.2099745189903643
47.196925337579614,27.5846947415828,19.64970225261426,30.061373251651467,75.12976708632196,41.48302537004753
43.40403412588738,30.733965059927748,18.09332647578679,44.20191542894992,21.718798588250657,32.10420832639497
71.704668265306,38.06110314127712,25.216554055559996,31.43501762590801,73.18902482227223,51.2327123017445
52.94832164767362,34.48419657932766,19.036271701646264,40.97670376748336,43.921031705450375,16.554008844996726
65.47766809202952,28.657346760470837,25.497671130437606,27.355015930450342,66.1469123341594,34.297520864492526
27.71659440444542,25.544038872923565,22.4424552863548,22.068935474654232,55.04495163520581,13.549673590087947
54.00575398803888,19.240922993353475,21.44620018200616,36.17182810387031,86.40828019567668,50.10232505811897
63.34446193435156,26.4042334037879,21.10619944195256,38.762710537251635,42.51128703320164,59.522830333804734
51.23425983913136,28.944348805861527,21.181391894648755,36.02320306385396,72.55212595123662,22.055184698404723
65.98220562598027,25.06410236424408,14.216982261963171,28.159694417774404,54.40985073406933,58.30121943676181
42.24067324849442,29.343715164538477,19.16334981754773,36.00100937868863,56.83389043980672,19.59244500144906
71.1402116027837,30.384259414793842,22.535473913552963,42.69294752580734,56.322922136815805,64.89547134180732
84.48347185428875,28.875720090959607,19.853308449577682,39.55106969877463,43.08653791011774,72.75219995077865
44.55742159340512,26.7499870958827,15.784430459589274,41.82501030599214,59.71802068186657,38.197482915750435
43.31746217898842,30.84327335983364,19.84278664826759,33.29884799545767,58.74703555756357,12.242092025629438
71.80076715676552,32.209703247847045,25.112316548766472,51.717179147161595,64.82480496813459,44.093207909304965
73.69358218596068,24.548004612785768,23.740675146604158,28.238266634452195,61.69010291385725,77.22446742703693
42.15709959270097,37.054661898731354,19.813987971901906,44.875602970867185,75.95989099224472,4.377072667804306
43.69719774356214,29.507059338578692,22.85434783117426,51.81891092959962,78.47017232094737,24.564746185490563
45.773230867092394,30.094248114724238,18.900478938895844,44.80908092748896,38.987533563443975,36.54291357748883
29.833242334485846,33.541072116282784,14.888385239519843,37.9747577293517,77.37545001181542,-12.252576478435472
36.220220802737025,31.166080656317508,17.226602035611336,34.71702953337021,36.27327145780291,4.4152746655884725
34.93788849871898,34.76568316956622,24.688666305524592,50.36087651046256,71.7571177627547,-10.812044250622614
38.483036523438074,31.43562082600912,19.178020754512087,25.77025074738327,72.39477569405737,17.647858539273884
49.47972668919828,26.93781312679781,19.269848061874946,30.298757396203563,21.773662166749915,36.82197845192031
53.51322098804781,31.80751762603051,19.10048541117536,36.02442234508278,61.85958493058819,27.004761662656755
73.25750739221115,24.28136896339669,25.71240976871902,52.37653757511998,50.63007773279369,60.13298111122823
35.024689388918134,30.542798528882617,24.87787674608619,43.79767636040896,44.8246948412925,23.334497349205936
64.76483597714875,29.833850046777695,26.6563407003444,30.319542414897548,87.01704661398011,43.53092457777936
46.790167336617365,28.959415713637302,19.522864368799848,36.896922946150966,46.92641718725162,21.115071668354304
49.25804435521351,29.357312442805345,20.886873466241283,33.85676855903706,43.872461417639,34.19932349109024
60.122292382499054,20.590754772511804,15.450072351737626,32.90211007766465,61.51389880010187,49.76138591842693
33.159169676565526,27.256375461295193,24.430803278354823,49.78889558556779,73.71179492596832,-2.493692551096119
55.736146192760756,30.464224505705573,16.496661346196195,26.282568707364945,57.167028279797464,14.684625123821426
52.49678312319584,30.799281959987002,20.650326691287887,56.087808557343735,83.32741091338505,39.681743639520064
57.38676896012224,24.86162429537021,16.70809241710147,48.28229690184623,70.61951323928182,44.25908861073045
54.33752965861727,36.328539204323505,18.233399519783912,50.90861670603698,16.435773605371395,52.23861676390416
86.82950209866341,25.669125758927496,17.4882127068509,35.37060487974742,49.410660729859835,82.70655732725686
40.43390023623026,34.84728600263368,18.176374217972548,38.500592809208904,48.76315801296602,-4.17004477622492
42.035045674972736,32.13597180935842,18.382631890553064,25.66848185475288,69.58721906858844,7.318011136164774
40.65289210362853,26.768863450780984,18.35519361522477,34.753375929331966,7.503658872517761,24.050554612878113
41.66784321259618,38.87655446304756,22.500001735340923,44.93654847643151,110.98019417435444,-3.703376627383502
40.439193090402235,24.0318158412176,16.685411620812438,52.96063061781396,70.6205218978842,32.061185903599494
67.83524796661328,34.59577086805001,20.6616242810416,28.928431831975484,62.97753607835382,38.10625845445416
71.30756371984782,35.00291159021489,23.653877456916675,36.34494063014734,83.63135432838293,39.96654394316447
41.438805593757856,26.646898954616777,18.460410906459813,38.48700779767478,106.87308105625249,5.112468540542064
37.51466640343657,36.962326500321645,17.846243327757193,26.042107978075148,77.41493289176806,-25.9652734109818
57.07123334579606,28.749767427005235,19.30842612445925,45.913492417584,78.9762619294324,37.580838032162674
41.716654335785435,31.443468146399287,23.53917562508213,32.76009668257391,62.61380048928765,13.447829899488418
59.493977266332664,31.301609193856102,20.582322892860073,38.04609648822976,57.169484932661035,35.61453868338501
53.0438453127695,29.32845629264726,18.406357116177205,35.48050628088122,50.484091119901976,47.54609191381995
27.263838275041522,34.05404136579891,21.45162995356412,32.106614942803255,43.47776016570916,0.7937917538278736
73.21257801995093,33.967443602761065,16.693123550490732,39.929550145194455,46.259718006010054,51.88251172520461
76.93816509643283,21.257340133809095,22.044078531328843,37.84390421431978,32.98888071314033,70.97539551077583
40.80816964273421,36.52170121439076,21.225821923105304,36.281421177213346,58.482570986299535,-1.8852880836780885
44.18447660096024,21.68754005982163,19.076574586583348,32.71538378319657,26.306648455472263,31.44170813591816
54.287980860873574,35.16273102170829,17.484242604658306,43.195246707829554,63.81833048287422,18.277280927442355
55.01685184980538,35.633525684137915,17.33995723314963,56.536172684922846,59.273387839153166,17.951015984024597
59.878164090092454,24.54516784892401,21.60445200903773,41.39887232839127,62.93870596773375,49.994507484561446
80.15306808149525,27.945928560227077,23.686941507467186,49.96118214911129,49.55736859960015,77.31579959654474
47.34579158758926,24.47147665757032,18.088076758913616,26.097780748465375,121.53720740361007,29.7643614575445
38.02554133192319,28.925394848556323,21.375160110654452,41.5776143929377,87.20231800360625,16.95832744235529
29.31021157978209,28.459828579071292,13.738918944193793,29.026316810289334,35.10914999830554,2.51880684267606
39.036049400871214,33.8983026613467,18.246146808028403,25.230750724680988,64.65736174853797,-4.225908689197267
49.503095406893046,36.55154373059804,19.906823201387294,32.60628592540964,47.839877141253524,28.815620509907472
76.91836795276681,36.97841905394978,17.2709497490545,51.91899334413573,39.71040546585172,45.25556567737178
42.235830514457426,27.18915986710849,17.190480875631213,49.500158286696454,33.198558577521304,6.392660337131389
53.35681927458348,28.95389063127736,17.99666133059334,42.430047220544,68.64433381518508,39.93355902826769
49.753656558908716,21.58280903889525,20.87657818497912,24.67299440110069,46.372395298608524,38.72907450891874
67.82589910172126,25.970649667519055,19.438012944780876,38.03719348612063,79.35652048050409,67.72947049750809
87.90398638810433,34.82425816548729,13.285306300025084,43.01700008901736,79.87564429060878,49.81343039018917
42.03696840619519,38.07791411774116,13.637899542094802,41.75536229578598,87.47828770422899,12.643133559688543
42.658408362226666,23.82825564060039,18.179404466428473,21.56206416519254,42.95226467851793,37.14373757575747
65.66241315603608,27.037678704235528,21.373059758160657,31.09682151980128,69.50731221384021,45.10002671303338
60.22837234439467,29.867971215205365,11.757485471824296,39.35922235851283,72.64908433284602,26.69758758363057
77.7006098860405,31.400805794098034,18.500809471545107,45.3629090951719,50.5164364979207,84.7223670176125
58.75892277988946,25.95198240039177,18.421256430447738,18.038721789000537,44.5645608521425,43.07124854929493
44.610618638194104,32.12030522232045,24.165013334625343,38.37876024520141,92.19041331551946,11.4159756926367
58.85982246038464,27.63080326464542,18.844934564861408,41.43048769878952,64.54991751464108,24.790073502224004
66.63055370874362,29.927738645608603,21.148966954222786,48.49611988516213,72.71935501423476,52.15705469299408
62.30723271796046,32.7314212400185,20.42377142026239,46.928575842374364,43.558479763441454,40.932696158677366
57.609110466609465,30.032111349054688,13.608300560578398,45.82571318808805,35.614310669556126,45.30852424978887
66.00012034383731,27.818070547367157,22.30462164989521,32.00059493298066,48.61100451015779,45.52556596412451
67.5394338566851,29.451950980370846,20.646189516368864,20.919978628766923,57.51957225220006,42.52547566006429
70.7323848655629,29.558185203973323,21.52480591902377,36.06947242938599,38.715599863653026,67.25423619767437
59.73064831384464,28.14994485058936,31.778713119308982,50.0163182520856,59.80310382699234,64.25274004151338
47.493228795247184,28.706019686664487,13.747661181504235,53.93454527524432,26.229896238629998,9.990110899115093
52.20070529649984,37.99323585252358,25.174089949283324,47.10549102297785,37.59905155060255,30.716772077341666
68.09763449762535,32.8045972397062,19.137657441798932,44.29340822801734,73.4182249655375,51.48150440279332
37.74596493519146,28.522598409854197,20.861986713209028,43.79639648385965,72.07581040555789,25.92279733042976
55.53009963309352,33.48477202255368,19.863463264096275,34.43881253239219,52.162464692262674,30.555133421404893
44.09991781508959,28.33090255121995,18.72729099980587,38.6993970644638,39.64471381846094,-1.3710620547820795
50.431172344022265,35.86562318793321,18.290501215283722,56.69069525826331,39.45192896947978,16.541088924648456
69.17677793910948,31.84821096099047,20.988526206719026,30.574419942081235,52.53463508117372,66.1644462767555
52.86648602029855,29.463489279978855,15.448478909984964,56.14778790709852,72.89036983290583,24.159529734645446
50.69654822234223,32.23858462905139,22.251737502565298,36.77971845507942,78.5649138268865,23.813872137618688
29.60215788530121,22.145619239657503,18.751416785344237,53.25432109095078,50.06936529036062,12.726371705799146
61.193803490408314,24.366162655450974,16.609791982878928,25.931849905024617,36.930151480304325,27.368137117465174
59.68226271711613,24.030374968004722,18.64996142601256,45.859042011646494,65.35687275732667,72.5011006070458
82.4488208495819,30.714715473818533,23.771447650587717,32.63229864052378,43.52930058748301,70.11576735305792
45.38332647570499,38.66257499742546,18.39399473895133,25.847328080758125,49.63494722277595,10.004191412910224
53.287254914959085,41.15650073096316,21.07536085462886,42.185340424109455,86.50552180874075,12.288549976344656
53.74075525566133,33.19025550720379,17.80713117285358,50.09471788595969,76.54230857131536,40.71037801910481
73.66179919645211,32.50422237472228,22.273765549770857,31.550585614065035,63.159486245029036,65.68169804439984
48.57056701419572,20.994711329236303,22.056523216370614,25.00984039541599,34.56161997774554,44.545446755796526
54.185322886555085,27.28663100132989,25.545826499889234,39.08155235665045,64.22793134941318,35.54248465192467
59.11844764574809,26.061081240458805,19.473308163502352,39.12564671222819,81.25314581575053,59.270670083277096
52.79913684734537,26.89576200874442,22.00596441427372,45.483196275544984,52.487326684689286,22.675750421119908
43.30349578174208,29.159280907076052,20.294202618616833,49.495945713644886,87.0222817997343,28.24268737052836
52.911349893474615,27.639547111514364,23.887615345589044,39.40584818727506,85.85490579036414,30.04129077442899
66.10447624789659,20.10350094812106,17.84350283717381,58.55503314794263,93.27465664286947,85.39430051375608
34.602270508834096,33.73955128058767,22.235015938631843,42.24234744535292,66.10486253062706,2.154806598018678
51.99454511220314,24.636284871300965,19.415908111649955,36.535734939931004,71.74783399612025,49.868439660028855
39.4981877759124,31.196234320555746,19.807435468674505,23.88432640897172,88.28374576662179,12.578418895341546
67.92569943387264,40.370413348749864,20.27525745334512,37.37340479683832,68.94787874137951,18.76158022857182
27.15219642824338,25.403077042067885,20.756721189280032,36.63613054588864,49.97531784419574,-3.3067904810840663
41.61617229092617,17.348562386268352,19.651312870634126,49.6030479628147,51.02914326944277,49.27668347528345
55.658178125967815,28.569978890599447,20.64413954951158,44.62483624066854,64.77109907547478,43.33593735610705
73.4828604385151,35.50479817499286,24.734354172686555,28.206308783673826,34.188771561075626,68.39177044718694
49.01374608390518,39.79173727110297,22.956349056845657,41.72254386411038,57.134821692716145,14.44806474244639
41.67200709960203,23.852252027737915,22.60746377749069,46.71531171729053,81.93094236460507,21.440219575645965
78.21735604160885,32.48349611618261,18.633381421928387,55.280313593878326,16.174922976694376,58.71509116380591
28.27979149375634,27.673447716099734,17.332277515315027,48.875039674140595,90.6896420358903,1.7681044713249279
17.017910650698774,29.47025822847932,22.865901674713257,47.60846654311478,82.4474843740632,-40.12114030355491
56.60021675079999,43.221716735085174,22.628140377589382,40.60085994615164,50.804707683390475,31.505380701054182
42.46918663471083,22.485148358024233,24.418012027252946,43.883120054234496,70.86781655743619,40.35995661341982
34.681507743039305,31.268698307472867,18.18805812209231,52.49504900706159,60.06295453812653,15.849240031148101
60.6253467094903,32.33846585882716,19.31135403391896,26.672226025203503,84.59980736877367,25.110725955448906
53.65701070656798,35.42893162469674,15.081547512423697,36.50560672783044,79.65366285539882,34.6140781702229
41.538820538949075,30.48991576735448,18.82258668181738,32.27431251243759,31.998585536339817,38.05468172490084
30.795434019936582,31.54025269752051,22.98971153173834,43.79153118726124,71.74524826928354,-13.601282153040152
63.08685992420217,28.041757162891045,18.600513862315406,52.302221756507876,55.88744292713505,60.56105044071654
59.753017669379915,31.345634706225535,21.921439385602472,34.03025713278926,61.656651410361995,42.91007623129297
48.51236204330926,28.28403862251295,19.428490682006565,16.09695632530562,45.436561980603685,15.470372678458837
77.69955494071499,33.107859449280255,20.97217108466468,35.8777925497553,94.96274138241671,70.74853877336301
33.94872850510771,28.15194831978183,16.556925830553,49.13473732017407,80.80123639805151,16.233691081747885
27.117122436128916,31.885501969510933,20.255628348901702,45.376299029498796,45.20457672054066,-13.978771637066107
39.62137895178133,29.853685931575107,11.02659208729783,44.281862478105765,33.30778786179535,21.897157810722923
49.31620975466753,35.63025125386084,19.439311525514047,37.200066981255205,52.28654738044304,0.7658338191446568
53.65009173984038,29.74303138205757,15.10858026885458,27.209692637802135,68.69005292182612,18.595803515576275
46.38145913215505,21.134837658965594,23.61798354964045,45.15294321624467,64.80411687892446,45.477479111009146
55.28083094771445,36.30960750356996,22.332222058293535,31.65718189965375,85.06265649536488,26.721995223301253
31.22690863714334,25.471338495686904,21.400012945898244,61.840967333804564,75.79839444361704,4.43195755304927
71.65646906109889,26.7311683067559,24.56301868147814,45.70507208354516,79.39138051505813,79.39982067859445
48.76773232411147,27.02169352978254,17.15325043752549,34.19351697446049,66.53710801220875,37.99377978752436
66.75943747382192,36.87219046585409,25.242089593746677,33.88614752611372,32.2140253957802,52.59721078523819
55.14088019566556,19.32162893010652,22.796574692781153,39.070557933864116,56.08602937706197,59.2349854261532
56.85129828730676,45.688742668299966,19.290334138343162,37.6049807797825,81.20179479817331,14.570431843315207
58.546509203483055,35.28028404533026,23.406860441548833,51.16833775529955,58.96954142950708,29.506122905038527
56.715628400259725,31.1161945706458,16.681119462765096,41.864161697440466,70.06180737247493,56.719800091346485
59.64084139801316,29.725529996918567,17.52645751541698,32.683682610914715,53.625033695077335,35.64797315967124
69.93728795198646,31.427770374288286,18.174230830280898,58.90440685155782,39.4037630291631,77.19048088912669
52.94781754552205,32.60561214189669,18.413066875807953,40.49308331520223,57.53311871907779,28.765914943287758
60.63505636382769,33.22607792975028,16.830327071719243,47.68839675968897,66.18094886065307,24.160483326413157
48.6539645856916,32.778022330017244,23.669249201285975,33.91773492555241,46.88624561077113,37.94032032403191
71.6017582317421,30.447903406276243,19.223436798890503,43.631156277445236,55.28577510286663,62.377562818455495
39.85411546911095,29.01330789846337,21.05751490507064,43.11109991143195,41.21073516028035,25.794555843077383
77.01410649366224,29.243633581732443,18.288945900758957,21.103507079038472,82.38489835128192,83.41692471283388
49.39763074033485,29.025458598236597,14.538190098354448,60.1527511046064,54.11088484823932,31.694179504656553
28.538373468229278,35.66885048433532,20.810172075174265,52.906444609225474,89.05511090252367,-19.047463176867744
51.92156622366184,32.96778361140431,14.26323507374067,36.02804683854012,90.57495701081817,33.83553342624698
39.78422513787679,15.298056826678598,19.794097861743595,28.977302595441444,58.37908070556512,43.98482805887575
62.60965323483086,33.279503882648804,15.895054883501569,43.47561613803552,39.83102534905301,47.161577714783654
40.210640310464136,30.973680973593876,25.961827997692424,40.86697699414397,18.282042445333254,-5.187793220559946
43.307248501778304,29.90645621777051,22.734088166524167,43.55668948563229,30.559258539464167,25.984821570487036
21.656889035817034,28.05740773455557,20.317261373814443,41.91577396194089,32.5233035020268,-14.85670947992867
43.21540521126385,35.620563599930065,23.791120032964006,45.06240989305926,87.56939254923009,27.010637005302947
13.64181010056565,34.73763231061429,17.461052067602793,54.473056993918064,62.31649174453892,-29.051149957687752
26.24145764771415,26.135611660881956,21.63043813601028,45.681032051286465,67.79209048183975,5.304759676305414
61.40621984216446,32.03526143562267,20.59943130115614,29.503445010900588,15.59157982129748,48.20162247608164
61.787002379762484,25.14171632729357,20.79206024400101,53.62562852712452,36.04067141565477,47.8086925082899
56.38186342677447,23.101909176055347,23.817060500320302,56.406145634882876,77.74159552892574,71.51007394349169
35.495357853061805,26.866413877050174,22.197476308339407,71.52056734512085,65.73548224765173,35.52265136383111
49.2843296578703,34.311967361913794,20.86617098847507,28.76505966760402,57.055894426288056,24.664780362697563
49.945961913641476,34.76562522688043,15.035337691315112,42.42882013150275,71.29684717200246,33.8093969480953
32.624529662111854,32.56542710048647,17.11986111416161,19.17901296811013,92.7159561227163,-8.325611137449688
72.55097452650726,33.625478934239986,19.631873199212826,45.53149156379209,55.57915072925899,48.42030485863752
63.16043435863507,32.58089143557479,20.280117122829953,34.517997018332274,61.38739605316139,45.12817471550722
46.68553739255504,26.792592023885238,16.60938882597823,59.23445794824953,63.8519383746261,34.09722683773019
50.40328758491796,32.159612723369705,27.235030026735263,32.25385029981418,107.84219270547985,25.963354131573958
53.125742119213285,34.00204762613841,24.54918216576072,23.108169620327384,18.01287471161949,34.3367909131083
19.373976973635642,33.77145664906787,21.80635496117745,35.2873625929748,73.66446029577617,-19.51487553635942
46.29233926219105,35.94456685737322,20.216110583851233,20.245122287828625,57.703955024818725,2.674362717555212
39.77023628003302,33.54151923600532,19.363373090296545,47.5109945450731,71.33543452368359,12.441932667704362
34.975699851576266,31.757241037707914,17.144244619933293,19.349169537436794,46.85254892010551,11.15647243713043
45.78349560671067,35.350751191582134,20.232441555556587,40.28457581183159,59.020699382831,14.804654980583937
76.96529790274283,29.8673937037547,20.773257620428254,19.22188180143803,74.22821158930991,82.62626928943591
59.61264291900515,25.59062674386141,16.274718273555127,36.79702195463358,122.25820402087682,39.201032092592946
41.432315153258045,29.18466518028118,21.002529251734693,56.43378155804534,76.16072378804142,23.959911216510566
58.58874172034238,26.275486775967757,19.534222853525755,43.60647891435795,43.038688039389825,38.39644339137319
